{
  "gridOriginENU": [
    -26.94019421461008,
    -33.47013904753716,
    77.55686412469309
  ],
  "anchorLLH": [
    121.36574,
    37.51964,
    0.0
  ],
  "voxelSize": 0.2,
  "dims": [
    302,
    302,
    294
  ]
}