2026-04-02 10:40:19.881  INFO 73780 --- [main] com.dji.sample.Test                      : Starting Test using Java 17.0.12 on df-hu with PID 73780 (started by 90828 in E:\cloud_api_all_git\cloud_api_serve_git\sample)
2026-04-02 10:40:19.887 DEBUG 73780 --- [main] com.dji.sample.Test                      : Running with Spring Boot v2.7.12, Spring v5.3.27
2026-04-02 10:40:19.888  INFO 73780 --- [main] com.dji.sample.Test                      : No active profile set, falling back to 1 default profile: "default"
2026-04-02 10:40:21.870  INFO 73780 --- [main] .s.d.r.c.RepositoryConfigurationDelegate : Multiple Spring Data modules found, entering strict repository configuration mode
2026-04-02 10:40:21.870  INFO 73780 --- [main] .s.d.r.c.RepositoryConfigurationDelegate : Bootstrapping Spring Data Redis repositories in DEFAULT mode.
2026-04-02 10:40:21.891  INFO 73780 --- [main] .s.d.r.c.RepositoryConfigurationDelegate : Finished Spring Data repository scanning in 5 ms. Found 0 Redis repository interfaces.
2026-04-02 10:40:22.327  INFO 73780 --- [main] .s.d.r.c.RepositoryConfigurationDelegate : Multiple Spring Data modules found, entering strict repository configuration mode
2026-04-02 10:40:22.329  INFO 73780 --- [main] .s.d.r.c.RepositoryConfigurationDelegate : Bootstrapping Spring Data JPA repositories in DEFAULT mode.
2026-04-02 10:40:22.386  INFO 73780 --- [main] .s.d.r.c.RepositoryConfigurationDelegate : Finished Spring Data repository scanning in 54 ms. Found 0 JPA repository interfaces.
2026-04-02 10:40:22.395  INFO 73780 --- [main] .s.d.r.c.RepositoryConfigurationDelegate : Multiple Spring Data modules found, entering strict repository configuration mode
2026-04-02 10:40:22.395  INFO 73780 --- [main] .s.d.r.c.RepositoryConfigurationDelegate : Bootstrapping Spring Data Redis repositories in DEFAULT mode.
2026-04-02 10:40:22.434  INFO 73780 --- [main] .s.d.r.c.RepositoryConfigurationDelegate : Finished Spring Data repository scanning in 38 ms. Found 0 Redis repository interfaces.
2026-04-02 10:40:22.658  INFO 73780 --- [main] faultConfiguringBeanFactoryPostProcessor : No bean named 'errorChannel' has been explicitly defined. Therefore, a default PublishSubscribeChannel will be created.
2026-04-02 10:40:22.684  INFO 73780 --- [main] faultConfiguringBeanFactoryPostProcessor : No bean named 'integrationHeaderChannelRegistry' has been explicitly defined. Therefore, a default DefaultHeaderChannelRegistry will be created.
2026-04-02 10:40:24.774  INFO 73780 --- [main] o.s.b.w.embedded.tomcat.TomcatWebServer  : Tomcat initialized with port(s): 0 (http)
2026-04-02 10:40:24.785  INFO 73780 --- [main] o.apache.catalina.core.StandardService   : Starting service [Tomcat]
2026-04-02 10:40:24.785  INFO 73780 --- [main] org.apache.catalina.core.StandardEngine  : Starting Servlet engine: [Apache Tomcat/9.0.75]
2026-04-02 10:40:25.038  INFO 73780 --- [main] o.a.c.c.C.[Tomcat].[localhost].[/]       : Initializing Spring embedded WebApplicationContext
2026-04-02 10:40:25.038  INFO 73780 --- [main] w.s.c.ServletWebServerApplicationContext : Root WebApplicationContext: initialization completed in 5107 ms
2026-04-02 10:40:25.693  INFO 73780 --- [main] c.a.d.s.b.a.DruidDataSourceAutoConfigure : Init DruidDataSource
2026-04-02 10:40:27.711  INFO 73780 --- [main] com.alibaba.druid.pool.DruidDataSource   : {dataSource-1} inited
2026-04-02 10:40:31.702  INFO 73780 --- [main] o.hibernate.jpa.internal.util.LogHelper  : HHH000204: Processing PersistenceUnitInfo [name: default]
2026-04-02 10:40:31.851  INFO 73780 --- [main] org.hibernate.Version                    : HHH000412: Hibernate ORM core version 5.6.15.Final
2026-04-02 10:40:32.780  INFO 73780 --- [main] o.hibernate.annotations.common.Version   : HCANN000001: Hibernate Commons Annotations {5.1.2.Final}
2026-04-02 10:40:33.288  INFO 73780 --- [main] org.hibernate.dialect.Dialect            : HHH000400: Using dialect: org.hibernate.dialect.MySQL8Dialect
2026-04-02 10:40:35.944  INFO 73780 --- [main] o.h.e.t.j.p.i.JtaPlatformInitiator       : HHH000490: Using JtaPlatform implementation: [org.hibernate.engine.transaction.jta.platform.internal.NoJtaPlatform]
2026-04-02 10:40:35.985  INFO 73780 --- [main] j.LocalContainerEntityManagerFactoryBean : Initialized JPA EntityManagerFactory for persistence unit 'default'
2026-04-02 10:41:13.385  WARN 73780 --- [main] JpaBaseConfiguration$JpaWebConfiguration : spring.jpa.open-in-view is enabled by default. Therefore, database queries may be performed during view rendering. Explicitly configure spring.jpa.open-in-view to disable this warning
2026-04-02 10:41:19.886  INFO 73780 --- [main] o.s.i.endpoint.EventDrivenConsumer       : Adding {logging-channel-adapter:_org.springframework.integration.errorLogger} as a subscriber to the 'errorChannel' channel
2026-04-02 10:41:19.887  INFO 73780 --- [main] o.s.i.channel.PublishSubscribeChannel    : Channel 'cloud-api-sample.errorChannel' has 1 subscriber(s).
2026-04-02 10:41:19.900  INFO 73780 --- [main] o.s.i.endpoint.EventDrivenConsumer       : started bean '_org.springframework.integration.errorLogger'
2026-04-02 10:41:19.902  INFO 73780 --- [main] o.s.i.endpoint.EventDrivenConsumer       : Adding {transformer} as a subscriber to the 'inboundDrcUp' channel
2026-04-02 10:41:19.911  INFO 73780 --- [main] o.s.integration.channel.DirectChannel    : Channel 'cloud-api-sample.inboundDrcUp' has 1 subscriber(s).
2026-04-02 10:41:19.911  INFO 73780 --- [main] o.s.i.endpoint.EventDrivenConsumer       : started bean 'drcUpRouterFlow.org.springframework.integration.config.ConsumerEndpointFactoryBean#0'; defined in: 'class path resource [com/dji/sdk/mqtt/drc/DrcUpRouter.class]'; from source: 'bean method drcUpRouterFlow'
2026-04-02 10:41:19.911  INFO 73780 --- [main] o.s.i.endpoint.EventDrivenConsumer       : Adding {router} as a subscriber to the 'drcUpRouterFlow.channel#0' channel
2026-04-02 10:41:19.911  INFO 73780 --- [main] o.s.integration.channel.DirectChannel    : Channel 'cloud-api-sample.drcUpRouterFlow.channel#0' has 1 subscriber(s).
2026-04-02 10:41:19.911  INFO 73780 --- [main] o.s.i.endpoint.EventDrivenConsumer       : started bean 'drcUpRouterFlow.org.springframework.integration.config.ConsumerEndpointFactoryBean#1'; defined in: 'class path resource [com/dji/sdk/mqtt/drc/DrcUpRouter.class]'; from source: 'bean method drcUpRouterFlow'
2026-04-02 10:41:19.912  INFO 73780 --- [main] o.s.i.endpoint.EventDrivenConsumer       : Adding {transformer} as a subscriber to the 'inboundEvents' channel
2026-04-02 10:41:19.912  INFO 73780 --- [main] o.s.integration.channel.DirectChannel    : Channel 'cloud-api-sample.inboundEvents' has 1 subscriber(s).
2026-04-02 10:41:19.912  INFO 73780 --- [main] o.s.i.endpoint.EventDrivenConsumer       : started bean 'eventsMethodRouterFlow.org.springframework.integration.config.ConsumerEndpointFactoryBean#0'; defined in: 'class path resource [com/dji/sdk/mqtt/events/EventsRouter.class]'; from source: 'bean method eventsMethodRouterFlow'
2026-04-02 10:41:19.912  INFO 73780 --- [main] o.s.i.endpoint.EventDrivenConsumer       : Adding {router} as a subscriber to the 'eventsMethodRouterFlow.channel#0' channel
2026-04-02 10:41:19.912  INFO 73780 --- [main] o.s.integration.channel.DirectChannel    : Channel 'cloud-api-sample.eventsMethodRouterFlow.channel#0' has 1 subscriber(s).
2026-04-02 10:41:19.912  INFO 73780 --- [main] o.s.i.endpoint.EventDrivenConsumer       : started bean 'eventsMethodRouterFlow.org.springframework.integration.config.ConsumerEndpointFactoryBean#1'; defined in: 'class path resource [com/dji/sdk/mqtt/events/EventsRouter.class]'; from source: 'bean method eventsMethodRouterFlow'
2026-04-02 10:41:19.912  INFO 73780 --- [main] o.s.i.endpoint.EventDrivenConsumer       : Adding {service-activator} as a subscriber to the 'outboundEvents' channel
2026-04-02 10:41:19.912  INFO 73780 --- [main] o.s.integration.channel.DirectChannel    : Channel 'cloud-api-sample.outboundEvents' has 1 subscriber(s).
2026-04-02 10:41:19.912  INFO 73780 --- [main] o.s.i.endpoint.EventDrivenConsumer       : started bean 'replySuccessEvents.org.springframework.integration.config.ConsumerEndpointFactoryBean#0'; defined in: 'class path resource [com/dji/sdk/mqtt/events/EventsRouter.class]'; from source: 'bean method replySuccessEvents'
2026-04-02 10:41:19.921  INFO 73780 --- [main] o.s.i.endpoint.EventDrivenConsumer       : Adding {transformer} as a subscriber to the 'inboundOsd' channel
2026-04-02 10:41:19.921  INFO 73780 --- [main] o.s.integration.channel.ExecutorChannel  : Channel 'cloud-api-sample.inboundOsd' has 1 subscriber(s).
2026-04-02 10:41:19.922  INFO 73780 --- [main] o.s.i.endpoint.EventDrivenConsumer       : started bean 'osdRouterFlow.org.springframework.integration.config.ConsumerEndpointFactoryBean#0'; defined in: 'class path resource [com/dji/sdk/mqtt/osd/OsdRouter.class]'; from source: 'bean method osdRouterFlow'
2026-04-02 10:41:19.922  INFO 73780 --- [main] o.s.i.endpoint.EventDrivenConsumer       : Adding {service-activator} as a subscriber to the 'osdRouterFlow.channel#0' channel
2026-04-02 10:41:19.922  INFO 73780 --- [main] o.s.integration.channel.DirectChannel    : Channel 'cloud-api-sample.osdRouterFlow.channel#0' has 1 subscriber(s).
2026-04-02 10:41:19.922  INFO 73780 --- [main] o.s.i.endpoint.EventDrivenConsumer       : started bean 'osdRouterFlow.org.springframework.integration.config.ConsumerEndpointFactoryBean#1'; defined in: 'class path resource [com/dji/sdk/mqtt/osd/OsdRouter.class]'; from source: 'bean method osdRouterFlow'
2026-04-02 10:41:19.922  INFO 73780 --- [main] o.s.i.endpoint.EventDrivenConsumer       : Adding {router} as a subscriber to the 'osdRouterFlow.channel#1' channel
2026-04-02 10:41:19.922  INFO 73780 --- [main] o.s.integration.channel.DirectChannel    : Channel 'cloud-api-sample.osdRouterFlow.channel#1' has 1 subscriber(s).
2026-04-02 10:41:19.922  INFO 73780 --- [main] o.s.i.endpoint.EventDrivenConsumer       : started bean 'osdRouterFlow.org.springframework.integration.config.ConsumerEndpointFactoryBean#2'; defined in: 'class path resource [com/dji/sdk/mqtt/osd/OsdRouter.class]'; from source: 'bean method osdRouterFlow'
2026-04-02 10:41:19.922  INFO 73780 --- [main] o.s.i.endpoint.EventDrivenConsumer       : Adding {transformer} as a subscriber to the 'inboundRequests' channel
2026-04-02 10:41:19.922  INFO 73780 --- [main] o.s.integration.channel.DirectChannel    : Channel 'cloud-api-sample.inboundRequests' has 1 subscriber(s).
2026-04-02 10:41:19.922  INFO 73780 --- [main] o.s.i.endpoint.EventDrivenConsumer       : started bean 'requestsMethodRouterFlow.org.springframework.integration.config.ConsumerEndpointFactoryBean#0'; defined in: 'class path resource [com/dji/sdk/mqtt/requests/RequestsRouter.class]'; from source: 'bean method requestsMethodRouterFlow'
2026-04-02 10:41:19.922  INFO 73780 --- [main] o.s.i.endpoint.EventDrivenConsumer       : Adding {router} as a subscriber to the 'requestsMethodRouterFlow.channel#0' channel
2026-04-02 10:41:19.922  INFO 73780 --- [main] o.s.integration.channel.DirectChannel    : Channel 'cloud-api-sample.requestsMethodRouterFlow.channel#0' has 1 subscriber(s).
2026-04-02 10:41:19.922  INFO 73780 --- [main] o.s.i.endpoint.EventDrivenConsumer       : started bean 'requestsMethodRouterFlow.org.springframework.integration.config.ConsumerEndpointFactoryBean#1'; defined in: 'class path resource [com/dji/sdk/mqtt/requests/RequestsRouter.class]'; from source: 'bean method requestsMethodRouterFlow'
2026-04-02 10:41:19.922  INFO 73780 --- [main] o.s.i.endpoint.EventDrivenConsumer       : Adding {service-activator} as a subscriber to the 'outboundRequests' channel
2026-04-02 10:41:19.922  INFO 73780 --- [main] o.s.integration.channel.DirectChannel    : Channel 'cloud-api-sample.outboundRequests' has 1 subscriber(s).
2026-04-02 10:41:19.922  INFO 73780 --- [main] o.s.i.endpoint.EventDrivenConsumer       : started bean 'replyRequestsMethod.org.springframework.integration.config.ConsumerEndpointFactoryBean#0'; defined in: 'class path resource [com/dji/sdk/mqtt/requests/RequestsRouter.class]'; from source: 'bean method replyRequestsMethod'
2026-04-02 10:41:19.922  INFO 73780 --- [main] o.s.i.endpoint.EventDrivenConsumer       : Adding {transformer} as a subscriber to the 'inboundState' channel
2026-04-02 10:41:19.922  INFO 73780 --- [main] o.s.integration.channel.DirectChannel    : Channel 'cloud-api-sample.inboundState' has 1 subscriber(s).
2026-04-02 10:41:19.922  INFO 73780 --- [main] o.s.i.endpoint.EventDrivenConsumer       : started bean 'stateDataRouterFlow.org.springframework.integration.config.ConsumerEndpointFactoryBean#0'; defined in: 'class path resource [com/dji/sdk/mqtt/state/StateRouter.class]'; from source: 'bean method stateDataRouterFlow'
2026-04-02 10:41:19.922  INFO 73780 --- [main] o.s.i.endpoint.EventDrivenConsumer       : Adding {router} as a subscriber to the 'stateDataRouterFlow.channel#0' channel
2026-04-02 10:41:19.923  INFO 73780 --- [main] o.s.integration.channel.DirectChannel    : Channel 'cloud-api-sample.stateDataRouterFlow.channel#0' has 1 subscriber(s).
2026-04-02 10:41:19.930  INFO 73780 --- [main] o.s.i.endpoint.EventDrivenConsumer       : started bean 'stateDataRouterFlow.org.springframework.integration.config.ConsumerEndpointFactoryBean#1'; defined in: 'class path resource [com/dji/sdk/mqtt/state/StateRouter.class]'; from source: 'bean method stateDataRouterFlow'
2026-04-02 10:41:19.931  INFO 73780 --- [main] o.s.i.endpoint.EventDrivenConsumer       : Adding {service-activator} as a subscriber to the 'outboundState' channel
2026-04-02 10:41:19.931  INFO 73780 --- [main] o.s.integration.channel.DirectChannel    : Channel 'cloud-api-sample.outboundState' has 1 subscriber(s).
2026-04-02 10:41:19.931  INFO 73780 --- [main] o.s.i.endpoint.EventDrivenConsumer       : started bean 'replySuccessState.org.springframework.integration.config.ConsumerEndpointFactoryBean#0'; defined in: 'class path resource [com/dji/sdk/mqtt/state/StateRouter.class]'; from source: 'bean method replySuccessState'
2026-04-02 10:41:19.932  INFO 73780 --- [main] o.s.i.endpoint.EventDrivenConsumer       : Adding {transformer} as a subscriber to the 'inboundStatus' channel
2026-04-02 10:41:19.936  INFO 73780 --- [main] o.s.integration.channel.DirectChannel    : Channel 'cloud-api-sample.inboundStatus' has 1 subscriber(s).
2026-04-02 10:41:19.936  INFO 73780 --- [main] o.s.i.endpoint.EventDrivenConsumer       : started bean 'statusRouterFlow.org.springframework.integration.config.ConsumerEndpointFactoryBean#0'; defined in: 'class path resource [com/dji/sdk/mqtt/status/StatusRouter.class]'; from source: 'bean method statusRouterFlow'
2026-04-02 10:41:19.936  INFO 73780 --- [main] o.s.i.endpoint.EventDrivenConsumer       : Adding {router} as a subscriber to the 'statusRouterFlow.channel#0' channel
2026-04-02 10:41:19.936  INFO 73780 --- [main] o.s.integration.channel.DirectChannel    : Channel 'cloud-api-sample.statusRouterFlow.channel#0' has 1 subscriber(s).
2026-04-02 10:41:19.936  INFO 73780 --- [main] o.s.i.endpoint.EventDrivenConsumer       : started bean 'statusRouterFlow.org.springframework.integration.config.ConsumerEndpointFactoryBean#1'; defined in: 'class path resource [com/dji/sdk/mqtt/status/StatusRouter.class]'; from source: 'bean method statusRouterFlow'
2026-04-02 10:41:19.936  INFO 73780 --- [main] o.s.i.endpoint.EventDrivenConsumer       : Adding {service-activator} as a subscriber to the 'outboundStatus' channel
2026-04-02 10:41:19.936  INFO 73780 --- [main] o.s.integration.channel.DirectChannel    : Channel 'cloud-api-sample.outboundStatus' has 1 subscriber(s).
2026-04-02 10:41:19.936  INFO 73780 --- [main] o.s.i.endpoint.EventDrivenConsumer       : started bean 'replySuccessStatus.org.springframework.integration.config.ConsumerEndpointFactoryBean#0'; defined in: 'class path resource [com/dji/sdk/mqtt/status/StatusRouter.class]'; from source: 'bean method replySuccessStatus'
2026-04-02 10:41:19.936  INFO 73780 --- [main] o.s.i.endpoint.EventDrivenConsumer       : Adding {service-activator:SDKAirsenseService.airsenseWarning.serviceActivator} as a subscriber to the 'inboundEventsAirsenseWarning' channel
2026-04-02 10:41:19.937  INFO 73780 --- [main] o.s.integration.channel.DirectChannel    : Channel 'cloud-api-sample.inboundEventsAirsenseWarning' has 1 subscriber(s).
2026-04-02 10:41:19.937  INFO 73780 --- [main] o.s.i.endpoint.EventDrivenConsumer       : started bean 'SDKAirsenseService.airsenseWarning.serviceActivator'
2026-04-02 10:41:19.937  INFO 73780 --- [main] o.s.i.endpoint.EventDrivenConsumer       : Adding {message-handler:mqttConfiguration.defaultInboundHandler.serviceActivator} as a subscriber to the 'default' channel
2026-04-02 10:41:19.937  INFO 73780 --- [main] o.s.integration.channel.DirectChannel    : Channel 'cloud-api-sample.default' has 1 subscriber(s).
2026-04-02 10:41:19.937  INFO 73780 --- [main] o.s.i.endpoint.EventDrivenConsumer       : started bean 'mqttConfiguration.defaultInboundHandler.serviceActivator'
2026-04-02 10:41:19.937  INFO 73780 --- [main] o.s.i.endpoint.EventDrivenConsumer       : Adding {message-handler:mqttConfiguration.mqttOutbound.serviceActivator} as a subscriber to the 'outbound' channel
2026-04-02 10:41:19.937  INFO 73780 --- [main] o.s.integration.channel.DirectChannel    : Channel 'cloud-api-sample.outbound' has 1 subscriber(s).
2026-04-02 10:41:19.937  INFO 73780 --- [main] o.s.i.endpoint.EventDrivenConsumer       : started bean 'mqttConfiguration.mqttOutbound.serviceActivator'
2026-04-02 10:41:19.937  INFO 73780 --- [main] o.s.i.endpoint.EventDrivenConsumer       : Adding {service-activator:deviceFirmwareServiceImpl.otaProgress.serviceActivator} as a subscriber to the 'inboundEventsOtaProgress' channel
2026-04-02 10:41:19.937  INFO 73780 --- [main] o.s.integration.channel.DirectChannel    : Channel 'cloud-api-sample.inboundEventsOtaProgress' has 1 subscriber(s).
2026-04-02 10:41:19.937  INFO 73780 --- [main] o.s.i.endpoint.EventDrivenConsumer       : started bean 'deviceFirmwareServiceImpl.otaProgress.serviceActivator'
2026-04-02 10:41:19.938  INFO 73780 --- [main] o.s.i.endpoint.EventDrivenConsumer       : Adding {service-activator:SDKWaylineService.inFlighttaskProgress.serviceActivator} as a subscriber to the 'inboundEventsInFlighttaskProgress' channel
2026-04-02 10:41:19.938  INFO 73780 --- [main] o.s.integration.channel.DirectChannel    : Channel 'cloud-api-sample.inboundEventsInFlighttaskProgress' has 1 subscriber(s).
2026-04-02 10:41:19.938  INFO 73780 --- [main] o.s.i.endpoint.EventDrivenConsumer       : started bean 'SDKWaylineService.inFlighttaskProgress.serviceActivator'
2026-04-02 10:41:19.938  INFO 73780 --- [main] o.s.i.endpoint.EventDrivenConsumer       : Adding {service-activator:SDKWaylineService.flighttaskResourceGet.serviceActivator} as a subscriber to the 'inboundRequestsFlightTaskResourceGet' channel
2026-04-02 10:41:19.938  INFO 73780 --- [main] o.s.integration.channel.DirectChannel    : Channel 'cloud-api-sample.inboundRequestsFlightTaskResourceGet' has 1 subscriber(s).
2026-04-02 10:41:19.938  INFO 73780 --- [main] o.s.i.endpoint.EventDrivenConsumer       : started bean 'SDKWaylineService.flighttaskResourceGet.serviceActivator'
2026-04-02 10:41:19.938  INFO 73780 --- [main] o.s.i.endpoint.EventDrivenConsumer       : Adding {service-activator:SDKWaylineService.deviceExitHomingNotify.serviceActivator} as a subscriber to the 'inboundEventsDeviceExitHomingNotify' channel
2026-04-02 10:41:19.985  INFO 73780 --- [main] o.s.integration.channel.DirectChannel    : Channel 'cloud-api-sample.inboundEventsDeviceExitHomingNotify' has 1 subscriber(s).
2026-04-02 10:41:19.986  INFO 73780 --- [main] o.s.i.endpoint.EventDrivenConsumer       : started bean 'SDKWaylineService.deviceExitHomingNotify.serviceActivator'
2026-04-02 10:41:19.987  INFO 73780 --- [main] o.s.i.endpoint.EventDrivenConsumer       : Adding {service-activator:SDKWaylineService.flighttaskReady.serviceActivator} as a subscriber to the 'inboundEventsFlighttaskReady' channel
2026-04-02 10:41:19.988  INFO 73780 --- [main] o.s.integration.channel.DirectChannel    : Channel 'cloud-api-sample.inboundEventsFlighttaskReady' has 1 subscriber(s).
2026-04-02 10:41:19.989  INFO 73780 --- [main] o.s.i.endpoint.EventDrivenConsumer       : started bean 'SDKWaylineService.flighttaskReady.serviceActivator'
2026-04-02 10:41:20.012  INFO 73780 --- [main] o.s.i.endpoint.EventDrivenConsumer       : Adding {service-activator:SDKWaylineService.returnHomeInfo.serviceActivator} as a subscriber to the 'inboundEventsReturnHomeInfo' channel
2026-04-02 10:41:20.012  INFO 73780 --- [main] o.s.integration.channel.DirectChannel    : Channel 'cloud-api-sample.inboundEventsReturnHomeInfo' has 1 subscriber(s).
2026-04-02 10:41:20.012  INFO 73780 --- [main] o.s.i.endpoint.EventDrivenConsumer       : started bean 'SDKWaylineService.returnHomeInfo.serviceActivator'
2026-04-02 10:41:20.014  INFO 73780 --- [main] o.s.i.endpoint.EventDrivenConsumer       : Adding {service-activator:SDKWaylineService.flighttaskProgress.serviceActivator} as a subscriber to the 'inboundEventsFlighttaskProgress' channel
2026-04-02 10:41:20.014  INFO 73780 --- [main] o.s.integration.channel.DirectChannel    : Channel 'cloud-api-sample.inboundEventsFlighttaskProgress' has 1 subscriber(s).
2026-04-02 10:41:20.014  INFO 73780 --- [main] o.s.i.endpoint.EventDrivenConsumer       : started bean 'SDKWaylineService.flighttaskProgress.serviceActivator'
2026-04-02 10:41:20.014  INFO 73780 --- [main] o.s.i.endpoint.EventDrivenConsumer       : Adding {service-activator:mediaServiceImpl.fileUploadCallback.serviceActivator} as a subscriber to the 'inboundEventsFileUploadCallback' channel
2026-04-02 10:41:20.014  INFO 73780 --- [main] o.s.integration.channel.DirectChannel    : Channel 'cloud-api-sample.inboundEventsFileUploadCallback' has 1 subscriber(s).
2026-04-02 10:41:20.014  INFO 73780 --- [main] o.s.i.endpoint.EventDrivenConsumer       : started bean 'mediaServiceImpl.fileUploadCallback.serviceActivator'
2026-04-02 10:41:20.014  INFO 73780 --- [main] o.s.i.endpoint.EventDrivenConsumer       : Adding {service-activator:mediaServiceImpl.storageConfigGet.serviceActivator} as a subscriber to the 'inboundRequestsStorageConfigGet' channel
2026-04-02 10:41:20.014  INFO 73780 --- [main] o.s.integration.channel.DirectChannel    : Channel 'cloud-api-sample.inboundRequestsStorageConfigGet' has 1 subscriber(s).
2026-04-02 10:41:20.014  INFO 73780 --- [main] o.s.i.endpoint.EventDrivenConsumer       : started bean 'mediaServiceImpl.storageConfigGet.serviceActivator'
2026-04-02 10:41:20.014  INFO 73780 --- [main] o.s.i.endpoint.EventDrivenConsumer       : Adding {service-activator:mediaServiceImpl.highestPriorityUploadFlightTaskMedia.serviceActivator} as a subscriber to the 'inboundEventsHighestPriorityUploadFlightTaskMedia' channel
2026-04-02 10:41:20.014  INFO 73780 --- [main] o.s.integration.channel.DirectChannel    : Channel 'cloud-api-sample.inboundEventsHighestPriorityUploadFlightTaskMedia' has 1 subscriber(s).
2026-04-02 10:41:20.014  INFO 73780 --- [main] o.s.i.endpoint.EventDrivenConsumer       : started bean 'mediaServiceImpl.highestPriorityUploadFlightTaskMedia.serviceActivator'
2026-04-02 10:41:20.014  INFO 73780 --- [main] o.s.i.endpoint.EventDrivenConsumer       : Adding {service-activator:flightTaskServiceImpl.inFlighttaskProgress.serviceActivator} as a subscriber to the 'inboundEventsInFlighttaskProgress' channel
2026-04-02 10:41:20.014  INFO 73780 --- [main] o.s.integration.channel.DirectChannel    : Channel 'cloud-api-sample.inboundEventsInFlighttaskProgress' has 2 subscriber(s).
2026-04-02 10:41:20.015  INFO 73780 --- [main] o.s.i.endpoint.EventDrivenConsumer       : started bean 'flightTaskServiceImpl.inFlighttaskProgress.serviceActivator'
2026-04-02 10:41:20.015  INFO 73780 --- [main] o.s.i.endpoint.EventDrivenConsumer       : Adding {service-activator:flightTaskServiceImpl.flighttaskResourceGet.serviceActivator} as a subscriber to the 'inboundRequestsFlightTaskResourceGet' channel
2026-04-02 10:41:20.015  INFO 73780 --- [main] o.s.integration.channel.DirectChannel    : Channel 'cloud-api-sample.inboundRequestsFlightTaskResourceGet' has 2 subscriber(s).
2026-04-02 10:41:20.015  INFO 73780 --- [main] o.s.i.endpoint.EventDrivenConsumer       : started bean 'flightTaskServiceImpl.flighttaskResourceGet.serviceActivator'
2026-04-02 10:41:20.015  INFO 73780 --- [main] o.s.i.endpoint.EventDrivenConsumer       : Adding {service-activator:flightTaskServiceImpl.deviceExitHomingNotify.serviceActivator} as a subscriber to the 'inboundEventsDeviceExitHomingNotify' channel
2026-04-02 10:41:20.015  INFO 73780 --- [main] o.s.integration.channel.DirectChannel    : Channel 'cloud-api-sample.inboundEventsDeviceExitHomingNotify' has 2 subscriber(s).
2026-04-02 10:41:20.015  INFO 73780 --- [main] o.s.i.endpoint.EventDrivenConsumer       : started bean 'flightTaskServiceImpl.deviceExitHomingNotify.serviceActivator'
2026-04-02 10:41:20.015  INFO 73780 --- [main] o.s.i.endpoint.EventDrivenConsumer       : Adding {service-activator:flightTaskServiceImpl.flighttaskReady.serviceActivator} as a subscriber to the 'inboundEventsFlighttaskReady' channel
2026-04-02 10:41:20.015  INFO 73780 --- [main] o.s.integration.channel.DirectChannel    : Channel 'cloud-api-sample.inboundEventsFlighttaskReady' has 2 subscriber(s).
2026-04-02 10:41:20.022  INFO 73780 --- [main] o.s.i.endpoint.EventDrivenConsumer       : started bean 'flightTaskServiceImpl.flighttaskReady.serviceActivator'
2026-04-02 10:41:20.027  INFO 73780 --- [main] o.s.i.endpoint.EventDrivenConsumer       : Adding {service-activator:flightTaskServiceImpl.returnHomeInfo.serviceActivator} as a subscriber to the 'inboundEventsReturnHomeInfo' channel
2026-04-02 10:41:20.027  INFO 73780 --- [main] o.s.integration.channel.DirectChannel    : Channel 'cloud-api-sample.inboundEventsReturnHomeInfo' has 2 subscriber(s).
2026-04-02 10:41:20.038  INFO 73780 --- [main] o.s.i.endpoint.EventDrivenConsumer       : started bean 'flightTaskServiceImpl.returnHomeInfo.serviceActivator'
2026-04-02 10:41:20.039  INFO 73780 --- [main] o.s.i.endpoint.EventDrivenConsumer       : Adding {service-activator:flightTaskServiceImpl.flighttaskProgress.serviceActivator} as a subscriber to the 'inboundEventsFlighttaskProgress' channel
2026-04-02 10:41:20.039  INFO 73780 --- [main] o.s.integration.channel.DirectChannel    : Channel 'cloud-api-sample.inboundEventsFlighttaskProgress' has 2 subscriber(s).
2026-04-02 10:41:20.039  INFO 73780 --- [main] o.s.i.endpoint.EventDrivenConsumer       : started bean 'flightTaskServiceImpl.flighttaskProgress.serviceActivator'
2026-04-02 10:41:20.039  INFO 73780 --- [main] o.s.i.endpoint.EventDrivenConsumer       : Adding {service-activator:SDKControlService.poiStatusNotify.serviceActivator} as a subscriber to the 'inboundEventsPoiStatusNotify' channel
2026-04-02 10:41:20.039  INFO 73780 --- [main] o.s.integration.channel.DirectChannel    : Channel 'cloud-api-sample.inboundEventsPoiStatusNotify' has 1 subscriber(s).
2026-04-02 10:41:20.039  INFO 73780 --- [main] o.s.i.endpoint.EventDrivenConsumer       : started bean 'SDKControlService.poiStatusNotify.serviceActivator'
2026-04-02 10:41:20.039  INFO 73780 --- [main] o.s.i.endpoint.EventDrivenConsumer       : Adding {service-activator:SDKControlService.delayInfoPush.serviceActivator} as a subscriber to the 'inboundDrcUpDelayInfoPush' channel
2026-04-02 10:41:20.039  INFO 73780 --- [main] o.s.integration.channel.DirectChannel    : Channel 'cloud-api-sample.inboundDrcUpDelayInfoPush' has 1 subscriber(s).
2026-04-02 10:41:20.039  INFO 73780 --- [main] o.s.i.endpoint.EventDrivenConsumer       : started bean 'SDKControlService.delayInfoPush.serviceActivator'
2026-04-02 10:41:20.039  INFO 73780 --- [main] o.s.i.endpoint.EventDrivenConsumer       : Adding {service-activator:SDKControlService.osdInfoPush.serviceActivator} as a subscriber to the 'inboundDrcUpOsdInfoPush' channel
2026-04-02 10:41:20.039  INFO 73780 --- [main] o.s.integration.channel.DirectChannel    : Channel 'cloud-api-sample.inboundDrcUpOsdInfoPush' has 1 subscriber(s).
2026-04-02 10:41:20.039  INFO 73780 --- [main] o.s.i.endpoint.EventDrivenConsumer       : started bean 'SDKControlService.osdInfoPush.serviceActivator'
2026-04-02 10:41:20.042  INFO 73780 --- [main] o.s.i.endpoint.EventDrivenConsumer       : Adding {service-activator:SDKControlService.heartBeatUp.serviceActivator} as a subscriber to the 'inboundDrcUpHeartBeat' channel
2026-04-02 10:41:20.042  INFO 73780 --- [main] o.s.integration.channel.DirectChannel    : Channel 'cloud-api-sample.inboundDrcUpHeartBeat' has 1 subscriber(s).
2026-04-02 10:41:20.042  INFO 73780 --- [main] o.s.i.endpoint.EventDrivenConsumer       : started bean 'SDKControlService.heartBeatUp.serviceActivator'
2026-04-02 10:41:20.042  INFO 73780 --- [main] o.s.i.endpoint.EventDrivenConsumer       : Adding {service-activator:SDKControlService.droneControlUp.serviceActivator} as a subscriber to the 'inboundDrcUpDroneControl' channel
2026-04-02 10:41:20.042  INFO 73780 --- [main] o.s.integration.channel.DirectChannel    : Channel 'cloud-api-sample.inboundDrcUpDroneControl' has 1 subscriber(s).
2026-04-02 10:41:20.042  INFO 73780 --- [main] o.s.i.endpoint.EventDrivenConsumer       : started bean 'SDKControlService.droneControlUp.serviceActivator'
2026-04-02 10:41:20.042  INFO 73780 --- [main] o.s.i.endpoint.EventDrivenConsumer       : Adding {service-activator:SDKControlService.hsiInfoPush.serviceActivator} as a subscriber to the 'inboundDrcUpHsiInfoPush' channel
2026-04-02 10:41:20.042  INFO 73780 --- [main] o.s.integration.channel.DirectChannel    : Channel 'cloud-api-sample.inboundDrcUpHsiInfoPush' has 1 subscriber(s).
2026-04-02 10:41:20.042  INFO 73780 --- [main] o.s.i.endpoint.EventDrivenConsumer       : started bean 'SDKControlService.hsiInfoPush.serviceActivator'
2026-04-02 10:41:20.043  INFO 73780 --- [main] o.s.i.endpoint.EventDrivenConsumer       : Adding {service-activator:SDKControlService.flyToPointProgress.serviceActivator} as a subscriber to the 'inboundEventsFlyToPointProgress' channel
2026-04-02 10:41:20.043  INFO 73780 --- [main] o.s.integration.channel.DirectChannel    : Channel 'cloud-api-sample.inboundEventsFlyToPointProgress' has 1 subscriber(s).
2026-04-02 10:41:20.043  INFO 73780 --- [main] o.s.i.endpoint.EventDrivenConsumer       : started bean 'SDKControlService.flyToPointProgress.serviceActivator'
2026-04-02 10:41:20.043  INFO 73780 --- [main] o.s.i.endpoint.EventDrivenConsumer       : Adding {service-activator:SDKControlService.drcStatusNotify.serviceActivator} as a subscriber to the 'inboundEventsDrcStatusNotify' channel
2026-04-02 10:41:20.043  INFO 73780 --- [main] o.s.integration.channel.DirectChannel    : Channel 'cloud-api-sample.inboundEventsDrcStatusNotify' has 1 subscriber(s).
2026-04-02 10:41:20.043  INFO 73780 --- [main] o.s.i.endpoint.EventDrivenConsumer       : started bean 'SDKControlService.drcStatusNotify.serviceActivator'
2026-04-02 10:41:20.043  INFO 73780 --- [main] o.s.i.endpoint.EventDrivenConsumer       : Adding {service-activator:SDKControlService.takeoffToPointProgress.serviceActivator} as a subscriber to the 'inboundEventsTakeoffToPointProgress' channel
2026-04-02 10:41:20.043  INFO 73780 --- [main] o.s.integration.channel.DirectChannel    : Channel 'cloud-api-sample.inboundEventsTakeoffToPointProgress' has 1 subscriber(s).
2026-04-02 10:41:20.043  INFO 73780 --- [main] o.s.i.endpoint.EventDrivenConsumer       : started bean 'SDKControlService.takeoffToPointProgress.serviceActivator'
2026-04-02 10:41:20.043  INFO 73780 --- [main] o.s.i.endpoint.EventDrivenConsumer       : Adding {service-activator:SDKControlService.joystickInvalidNotify.serviceActivator} as a subscriber to the 'inboundEventsJoystickInvalidNotify' channel
2026-04-02 10:41:20.043  INFO 73780 --- [main] o.s.integration.channel.DirectChannel    : Channel 'cloud-api-sample.inboundEventsJoystickInvalidNotify' has 1 subscriber(s).
2026-04-02 10:41:20.043  INFO 73780 --- [main] o.s.i.endpoint.EventDrivenConsumer       : started bean 'SDKControlService.joystickInvalidNotify.serviceActivator'
2026-04-02 10:41:20.046  INFO 73780 --- [main] o.s.i.endpoint.EventDrivenConsumer       : Adding {service-activator:SDKControlService.cameraPhotoTakeProgress.serviceActivator} as a subscriber to the 'inboundEventsCameraPhotoTakeProgress' channel
2026-04-02 10:41:20.046  INFO 73780 --- [main] o.s.integration.channel.DirectChannel    : Channel 'cloud-api-sample.inboundEventsCameraPhotoTakeProgress' has 1 subscriber(s).
2026-04-02 10:41:20.046  INFO 73780 --- [main] o.s.i.endpoint.EventDrivenConsumer       : started bean 'SDKControlService.cameraPhotoTakeProgress.serviceActivator'
2026-04-02 10:41:20.046  INFO 73780 --- [main] o.s.i.endpoint.EventDrivenConsumer       : Adding {service-activator:SDKControlService.droneEmergencyStopUp.serviceActivator} as a subscriber to the 'inboundDrcUpDroneEmergencyStop' channel
2026-04-02 10:41:20.046  INFO 73780 --- [main] o.s.integration.channel.DirectChannel    : Channel 'cloud-api-sample.inboundDrcUpDroneEmergencyStop' has 1 subscriber(s).
2026-04-02 10:41:20.046  INFO 73780 --- [main] o.s.i.endpoint.EventDrivenConsumer       : started bean 'SDKControlService.droneEmergencyStopUp.serviceActivator'
2026-04-02 10:41:20.047  INFO 73780 --- [main] o.s.i.endpoint.EventDrivenConsumer       : Adding {service-activator:SDKRemoteDebug.remoteDebugProgress.serviceActivator} as a subscriber to the 'inboundEventsControlProgress' channel
2026-04-02 10:41:20.047  INFO 73780 --- [main] o.s.integration.channel.DirectChannel    : Channel 'cloud-api-sample.inboundEventsControlProgress' has 1 subscriber(s).
2026-04-02 10:41:20.047  INFO 73780 --- [main] o.s.i.endpoint.EventDrivenConsumer       : started bean 'SDKRemoteDebug.remoteDebugProgress.serviceActivator'
2026-04-02 10:41:20.047  INFO 73780 --- [main] o.s.i.endpoint.EventDrivenConsumer       : Adding {service-activator:mediaServiceImplDf.fileUploadCallback.serviceActivator} as a subscriber to the 'inboundEventsFileUploadCallback' channel
2026-04-02 10:41:20.047  INFO 73780 --- [main] o.s.integration.channel.DirectChannel    : Channel 'cloud-api-sample.inboundEventsFileUploadCallback' has 2 subscriber(s).
2026-04-02 10:41:20.047  INFO 73780 --- [main] o.s.i.endpoint.EventDrivenConsumer       : started bean 'mediaServiceImplDf.fileUploadCallback.serviceActivator'
2026-04-02 10:41:20.047  INFO 73780 --- [main] o.s.i.endpoint.EventDrivenConsumer       : Adding {service-activator:mediaServiceImplDf.storageConfigGet.serviceActivator} as a subscriber to the 'inboundRequestsStorageConfigGet' channel
2026-04-02 10:41:20.047  INFO 73780 --- [main] o.s.integration.channel.DirectChannel    : Channel 'cloud-api-sample.inboundRequestsStorageConfigGet' has 2 subscriber(s).
2026-04-02 10:41:20.047  INFO 73780 --- [main] o.s.i.endpoint.EventDrivenConsumer       : started bean 'mediaServiceImplDf.storageConfigGet.serviceActivator'
2026-04-02 10:41:20.047  INFO 73780 --- [main] o.s.i.endpoint.EventDrivenConsumer       : Adding {service-activator:mediaServiceImplDf.highestPriorityUploadFlightTaskMedia.serviceActivator} as a subscriber to the 'inboundEventsHighestPriorityUploadFlightTaskMedia' channel
2026-04-02 10:41:20.047  INFO 73780 --- [main] o.s.integration.channel.DirectChannel    : Channel 'cloud-api-sample.inboundEventsHighestPriorityUploadFlightTaskMedia' has 2 subscriber(s).
2026-04-02 10:41:20.047  INFO 73780 --- [main] o.s.i.endpoint.EventDrivenConsumer       : started bean 'mediaServiceImplDf.highestPriorityUploadFlightTaskMedia.serviceActivator'
2026-04-02 10:41:20.047  INFO 73780 --- [main] o.s.i.endpoint.EventDrivenConsumer       : Adding {service-activator:SDKLivestreamService.rcLivestreamAbilityUpdate.serviceActivator} as a subscriber to the 'inboundStateRcLiveCapacity' channel
2026-04-02 10:41:20.047  INFO 73780 --- [main] o.s.integration.channel.DirectChannel    : Channel 'cloud-api-sample.inboundStateRcLiveCapacity' has 1 subscriber(s).
2026-04-02 10:41:20.047  INFO 73780 --- [main] o.s.i.endpoint.EventDrivenConsumer       : started bean 'SDKLivestreamService.rcLivestreamAbilityUpdate.serviceActivator'
2026-04-02 10:41:20.047  INFO 73780 --- [main] o.s.i.endpoint.EventDrivenConsumer       : Adding {service-activator:SDKLivestreamService.dockLivestreamAbilityUpdate.serviceActivator} as a subscriber to the 'inboundStateDockLiveCapacity' channel
2026-04-02 10:41:20.047  INFO 73780 --- [main] o.s.integration.channel.DirectChannel    : Channel 'cloud-api-sample.inboundStateDockLiveCapacity' has 1 subscriber(s).
2026-04-02 10:41:20.047  INFO 73780 --- [main] o.s.i.endpoint.EventDrivenConsumer       : started bean 'SDKLivestreamService.dockLivestreamAbilityUpdate.serviceActivator'
2026-04-02 10:41:20.048  INFO 73780 --- [main] o.s.i.endpoint.EventDrivenConsumer       : Adding {service-activator:deviceHmsServiceImpl.hms.serviceActivator} as a subscriber to the 'inboundEventsHms' channel
2026-04-02 10:41:20.048  INFO 73780 --- [main] o.s.integration.channel.DirectChannel    : Channel 'cloud-api-sample.inboundEventsHms' has 1 subscriber(s).
2026-04-02 10:41:20.048  INFO 73780 --- [main] o.s.i.endpoint.EventDrivenConsumer       : started bean 'deviceHmsServiceImpl.hms.serviceActivator'
2026-04-02 10:41:20.048  INFO 73780 --- [main] o.s.i.endpoint.EventDrivenConsumer       : Adding {service-activator:storageServiceImpl.fileUploadCallback.serviceActivator} as a subscriber to the 'inboundEventsFileUploadCallback' channel
2026-04-02 10:41:20.048  INFO 73780 --- [main] o.s.integration.channel.DirectChannel    : Channel 'cloud-api-sample.inboundEventsFileUploadCallback' has 3 subscriber(s).
2026-04-02 10:41:20.048  INFO 73780 --- [main] o.s.i.endpoint.EventDrivenConsumer       : started bean 'storageServiceImpl.fileUploadCallback.serviceActivator'
2026-04-02 10:41:20.048  INFO 73780 --- [main] o.s.i.endpoint.EventDrivenConsumer       : Adding {service-activator:storageServiceImpl.storageConfigGet.serviceActivator} as a subscriber to the 'inboundRequestsStorageConfigGet' channel
2026-04-02 10:41:20.048  INFO 73780 --- [main] o.s.integration.channel.DirectChannel    : Channel 'cloud-api-sample.inboundRequestsStorageConfigGet' has 3 subscriber(s).
2026-04-02 10:41:20.048  INFO 73780 --- [main] o.s.i.endpoint.EventDrivenConsumer       : started bean 'storageServiceImpl.storageConfigGet.serviceActivator'
2026-04-02 10:41:20.048  INFO 73780 --- [main] o.s.i.endpoint.EventDrivenConsumer       : Adding {service-activator:storageServiceImpl.highestPriorityUploadFlightTaskMedia.serviceActivator} as a subscriber to the 'inboundEventsHighestPriorityUploadFlightTaskMedia' channel
2026-04-02 10:41:20.048  INFO 73780 --- [main] o.s.integration.channel.DirectChannel    : Channel 'cloud-api-sample.inboundEventsHighestPriorityUploadFlightTaskMedia' has 3 subscriber(s).
2026-04-02 10:41:20.048  INFO 73780 --- [main] o.s.i.endpoint.EventDrivenConsumer       : started bean 'storageServiceImpl.highestPriorityUploadFlightTaskMedia.serviceActivator'
2026-04-02 10:41:20.048  INFO 73780 --- [main] o.s.i.endpoint.EventDrivenConsumer       : Adding {service-activator:SDKLogService.fileuploadProgress.serviceActivator} as a subscriber to the 'inboundEventsFileUploadProgress' channel
2026-04-02 10:41:20.048  INFO 73780 --- [main] o.s.integration.channel.DirectChannel    : Channel 'cloud-api-sample.inboundEventsFileUploadProgress' has 1 subscriber(s).
2026-04-02 10:41:20.048  INFO 73780 --- [main] o.s.i.endpoint.EventDrivenConsumer       : started bean 'SDKLogService.fileuploadProgress.serviceActivator'
2026-04-02 10:41:20.048  INFO 73780 --- [main] o.s.i.endpoint.EventDrivenConsumer       : Adding {service-activator:deviceLogsServiceImpl.fileuploadProgress.serviceActivator} as a subscriber to the 'inboundEventsFileUploadProgress' channel
2026-04-02 10:41:20.049  INFO 73780 --- [main] o.s.integration.channel.DirectChannel    : Channel 'cloud-api-sample.inboundEventsFileUploadProgress' has 2 subscriber(s).
2026-04-02 10:41:20.049  INFO 73780 --- [main] o.s.i.endpoint.EventDrivenConsumer       : started bean 'deviceLogsServiceImpl.fileuploadProgress.serviceActivator'
2026-04-02 10:41:20.049  INFO 73780 --- [main] o.s.i.endpoint.EventDrivenConsumer       : Adding {service-activator:requestConfigContext.requestsConfig.serviceActivator} as a subscriber to the 'inboundRequestsConfig' channel
2026-04-02 10:41:20.050  INFO 73780 --- [main] o.s.integration.channel.DirectChannel    : Channel 'cloud-api-sample.inboundRequestsConfig' has 1 subscriber(s).
2026-04-02 10:41:20.050  INFO 73780 --- [main] o.s.i.endpoint.EventDrivenConsumer       : started bean 'requestConfigContext.requestsConfig.serviceActivator'
2026-04-02 10:41:20.051  INFO 73780 --- [main] o.s.i.endpoint.EventDrivenConsumer       : Adding {service-activator:SDKDeviceService.updateTopoOffline.serviceActivator} as a subscriber to the 'inboundStatusOffline' channel
2026-04-02 10:41:20.051  INFO 73780 --- [main] o.s.integration.channel.DirectChannel    : Channel 'cloud-api-sample.inboundStatusOffline' has 1 subscriber(s).
2026-04-02 10:41:20.051  INFO 73780 --- [main] o.s.i.endpoint.EventDrivenConsumer       : started bean 'SDKDeviceService.updateTopoOffline.serviceActivator'
2026-04-02 10:41:20.051  INFO 73780 --- [main] o.s.i.endpoint.EventDrivenConsumer       : Adding {service-activator:SDKDeviceService.updateTopoOnline.serviceActivator} as a subscriber to the 'inboundStatusOnline' channel
2026-04-02 10:41:20.051  INFO 73780 --- [main] o.s.integration.channel.DirectChannel    : Channel 'cloud-api-sample.inboundStatusOnline' has 1 subscriber(s).
2026-04-02 10:41:20.051  INFO 73780 --- [main] o.s.i.endpoint.EventDrivenConsumer       : started bean 'SDKDeviceService.updateTopoOnline.serviceActivator'
2026-04-02 10:41:20.051  INFO 73780 --- [main] o.s.i.endpoint.EventDrivenConsumer       : Adding {service-activator:SDKDeviceService.osdDockDrone.serviceActivator} as a subscriber to the 'inboundOsdDockDrone' channel
2026-04-02 10:41:20.051  INFO 73780 --- [main] o.s.integration.channel.DirectChannel    : Channel 'cloud-api-sample.inboundOsdDockDrone' has 1 subscriber(s).
2026-04-02 10:41:20.051  INFO 73780 --- [main] o.s.i.endpoint.EventDrivenConsumer       : started bean 'SDKDeviceService.osdDockDrone.serviceActivator'
2026-04-02 10:41:20.051  INFO 73780 --- [main] o.s.i.endpoint.EventDrivenConsumer       : Adding {service-activator:SDKDeviceService.osdRcDrone.serviceActivator} as a subscriber to the 'inboundOsdRcDrone' channel
2026-04-02 10:41:20.051  INFO 73780 --- [main] o.s.integration.channel.DirectChannel    : Channel 'cloud-api-sample.inboundOsdRcDrone' has 1 subscriber(s).
2026-04-02 10:41:20.052  INFO 73780 --- [main] o.s.i.endpoint.EventDrivenConsumer       : started bean 'SDKDeviceService.osdRcDrone.serviceActivator'
2026-04-02 10:41:20.052  INFO 73780 --- [main] o.s.i.endpoint.EventDrivenConsumer       : Adding {service-activator:SDKDeviceService.osdRemoteControl.serviceActivator} as a subscriber to the 'inboundOsdRc' channel
2026-04-02 10:41:20.052  INFO 73780 --- [main] o.s.integration.channel.DirectChannel    : Channel 'cloud-api-sample.inboundOsdRc' has 1 subscriber(s).
2026-04-02 10:41:20.052  INFO 73780 --- [main] o.s.i.endpoint.EventDrivenConsumer       : started bean 'SDKDeviceService.osdRemoteControl.serviceActivator'
2026-04-02 10:41:20.052  INFO 73780 --- [main] o.s.i.endpoint.EventDrivenConsumer       : Adding {service-activator:SDKDeviceService.rcLiveStatusUpdate.serviceActivator} as a subscriber to the 'inboundStateRcLiveStatus' channel
2026-04-02 10:41:20.053  INFO 73780 --- [main] o.s.integration.channel.DirectChannel    : Channel 'cloud-api-sample.inboundStateRcLiveStatus' has 1 subscriber(s).
2026-04-02 10:41:20.053  INFO 73780 --- [main] o.s.i.endpoint.EventDrivenConsumer       : started bean 'SDKDeviceService.rcLiveStatusUpdate.serviceActivator'
2026-04-02 10:41:20.053  INFO 73780 --- [main] o.s.i.endpoint.EventDrivenConsumer       : Adding {service-activator:SDKDeviceService.dongleInfos.serviceActivator} as a subscriber to the 'inboundStateDockAndDroneDongleInfos' channel
2026-04-02 10:41:20.053  INFO 73780 --- [main] o.s.integration.channel.DirectChannel    : Channel 'cloud-api-sample.inboundStateDockAndDroneDongleInfos' has 1 subscriber(s).
2026-04-02 10:41:20.053  INFO 73780 --- [main] o.s.i.endpoint.EventDrivenConsumer       : started bean 'SDKDeviceService.dongleInfos.serviceActivator'
2026-04-02 10:41:20.053  INFO 73780 --- [main] o.s.i.endpoint.EventDrivenConsumer       : Adding {service-activator:SDKDeviceService.dockSilentMode.serviceActivator} as a subscriber to the 'inboundStateDockSilentMode' channel
2026-04-02 10:41:20.053  INFO 73780 --- [main] o.s.integration.channel.DirectChannel    : Channel 'cloud-api-sample.inboundStateDockSilentMode' has 1 subscriber(s).
2026-04-02 10:41:20.055  INFO 73780 --- [main] o.s.i.endpoint.EventDrivenConsumer       : started bean 'SDKDeviceService.dockSilentMode.serviceActivator'
2026-04-02 10:41:20.055  INFO 73780 --- [main] o.s.i.endpoint.EventDrivenConsumer       : Adding {service-activator:SDKDeviceService.dockDroneRthMode.serviceActivator} as a subscriber to the 'inboundStateDockDroneRthMode' channel
2026-04-02 10:41:20.055  INFO 73780 --- [main] o.s.integration.channel.DirectChannel    : Channel 'cloud-api-sample.inboundStateDockDroneRthMode' has 1 subscriber(s).
2026-04-02 10:41:20.055  INFO 73780 --- [main] o.s.i.endpoint.EventDrivenConsumer       : started bean 'SDKDeviceService.dockDroneRthMode.serviceActivator'
2026-04-02 10:41:20.055  INFO 73780 --- [main] o.s.i.endpoint.EventDrivenConsumer       : Adding {service-activator:SDKDeviceService.osdDock.serviceActivator} as a subscriber to the 'inboundOsdDock' channel
2026-04-02 10:41:20.057  INFO 73780 --- [main] o.s.integration.channel.DirectChannel    : Channel 'cloud-api-sample.inboundOsdDock' has 1 subscriber(s).
2026-04-02 10:41:20.060  INFO 73780 --- [main] o.s.i.endpoint.EventDrivenConsumer       : started bean 'SDKDeviceService.osdDock.serviceActivator'
2026-04-02 10:41:20.060  INFO 73780 --- [main] o.s.i.endpoint.EventDrivenConsumer       : Adding {service-activator:SDKDeviceService.dockControlSourceUpdate.serviceActivator} as a subscriber to the 'inboundStateDockControlSource' channel
2026-04-02 10:41:20.060  INFO 73780 --- [main] o.s.integration.channel.DirectChannel    : Channel 'cloud-api-sample.inboundStateDockControlSource' has 1 subscriber(s).
2026-04-02 10:41:20.061  INFO 73780 --- [main] o.s.i.endpoint.EventDrivenConsumer       : started bean 'SDKDeviceService.dockControlSourceUpdate.serviceActivator'
2026-04-02 10:41:20.061  INFO 73780 --- [main] o.s.i.endpoint.EventDrivenConsumer       : Adding {service-activator:SDKDeviceService.dockLiveStatusUpdate.serviceActivator} as a subscriber to the 'inboundStateDockLiveStatus' channel
2026-04-02 10:41:20.061  INFO 73780 --- [main] o.s.integration.channel.DirectChannel    : Channel 'cloud-api-sample.inboundStateDockLiveStatus' has 1 subscriber(s).
2026-04-02 10:41:20.061  INFO 73780 --- [main] o.s.i.endpoint.EventDrivenConsumer       : started bean 'SDKDeviceService.dockLiveStatusUpdate.serviceActivator'
2026-04-02 10:41:20.061  INFO 73780 --- [main] o.s.i.endpoint.EventDrivenConsumer       : Adding {service-activator:SDKDeviceService.dockWpmzVersionUpdate.serviceActivator} as a subscriber to the 'inboundStateDockDroneWpmzVersion' channel
2026-04-02 10:41:20.061  INFO 73780 --- [main] o.s.integration.channel.DirectChannel    : Channel 'cloud-api-sample.inboundStateDockDroneWpmzVersion' has 1 subscriber(s).
2026-04-02 10:41:20.061  INFO 73780 --- [main] o.s.i.endpoint.EventDrivenConsumer       : started bean 'SDKDeviceService.dockWpmzVersionUpdate.serviceActivator'
2026-04-02 10:41:20.061  INFO 73780 --- [main] o.s.i.endpoint.EventDrivenConsumer       : Adding {service-activator:SDKDeviceService.dockThermalSupportedPaletteStyle.serviceActivator} as a subscriber to the 'inboundStateDockDronePayload' channel
2026-04-02 10:41:20.061  INFO 73780 --- [main] o.s.integration.channel.DirectChannel    : Channel 'cloud-api-sample.inboundStateDockDronePayload' has 1 subscriber(s).
2026-04-02 10:41:20.061  INFO 73780 --- [main] o.s.i.endpoint.EventDrivenConsumer       : started bean 'SDKDeviceService.dockThermalSupportedPaletteStyle.serviceActivator'
2026-04-02 10:41:20.062  INFO 73780 --- [main] o.s.i.endpoint.EventDrivenConsumer       : Adding {service-activator:SDKDeviceService.rcPayloadFirmwareVersionUpdate.serviceActivator} as a subscriber to the 'inboundStateRcPayloadFirmware' channel
2026-04-02 10:41:20.062  INFO 73780 --- [main] o.s.integration.channel.DirectChannel    : Channel 'cloud-api-sample.inboundStateRcPayloadFirmware' has 1 subscriber(s).
2026-04-02 10:41:20.062  INFO 73780 --- [main] o.s.i.endpoint.EventDrivenConsumer       : started bean 'SDKDeviceService.rcPayloadFirmwareVersionUpdate.serviceActivator'
2026-04-02 10:41:20.062  INFO 73780 --- [main] o.s.i.endpoint.EventDrivenConsumer       : Adding {service-activator:SDKDeviceService.rcAndDroneFirmwareVersionUpdate.serviceActivator} as a subscriber to the 'inboundStateRcAndDroneFirmwareVersion' channel
2026-04-02 10:41:20.062  INFO 73780 --- [main] o.s.integration.channel.DirectChannel    : Channel 'cloud-api-sample.inboundStateRcAndDroneFirmwareVersion' has 1 subscriber(s).
2026-04-02 10:41:20.062  INFO 73780 --- [main] o.s.i.endpoint.EventDrivenConsumer       : started bean 'SDKDeviceService.rcAndDroneFirmwareVersionUpdate.serviceActivator'
2026-04-02 10:41:20.062  INFO 73780 --- [main] o.s.i.endpoint.EventDrivenConsumer       : Adding {service-activator:SDKDeviceService.dockDroneCurrentRthMode.serviceActivator} as a subscriber to the 'inboundStateDockDroneCurrentRthMode' channel
2026-04-02 10:41:20.063  INFO 73780 --- [main] o.s.integration.channel.DirectChannel    : Channel 'cloud-api-sample.inboundStateDockDroneCurrentRthMode' has 1 subscriber(s).
2026-04-02 10:41:20.066  INFO 73780 --- [main] o.s.i.endpoint.EventDrivenConsumer       : started bean 'SDKDeviceService.dockDroneCurrentRthMode.serviceActivator'
2026-04-02 10:41:20.066  INFO 73780 --- [main] o.s.i.endpoint.EventDrivenConsumer       : Adding {service-activator:SDKDeviceService.dockDroneCommanderModeLostAction.serviceActivator} as a subscriber to the 'inboundStateDockDroneCommanderModeLostAction' channel
2026-04-02 10:41:20.066  INFO 73780 --- [main] o.s.integration.channel.DirectChannel    : Channel 'cloud-api-sample.inboundStateDockDroneCommanderModeLostAction' has 1 subscriber(s).
2026-04-02 10:41:20.067  INFO 73780 --- [main] o.s.i.endpoint.EventDrivenConsumer       : started bean 'SDKDeviceService.dockDroneCommanderModeLostAction.serviceActivator'
2026-04-02 10:41:20.067  INFO 73780 --- [main] o.s.i.endpoint.EventDrivenConsumer       : Adding {service-activator:SDKDeviceService.rcControlSourceUpdate.serviceActivator} as a subscriber to the 'inboundStateRcControlSource' channel
2026-04-02 10:41:20.067  INFO 73780 --- [main] o.s.integration.channel.DirectChannel    : Channel 'cloud-api-sample.inboundStateRcControlSource' has 1 subscriber(s).
2026-04-02 10:41:20.067  INFO 73780 --- [main] o.s.i.endpoint.EventDrivenConsumer       : started bean 'SDKDeviceService.rcControlSourceUpdate.serviceActivator'
2026-04-02 10:41:20.067  INFO 73780 --- [main] o.s.i.endpoint.EventDrivenConsumer       : Adding {service-activator:SDKDeviceService.dockFirmwareVersionUpdate.serviceActivator} as a subscriber to the 'inboundStateDockFirmwareVersion' channel
2026-04-02 10:41:20.067  INFO 73780 --- [main] o.s.integration.channel.DirectChannel    : Channel 'cloud-api-sample.inboundStateDockFirmwareVersion' has 1 subscriber(s).
2026-04-02 10:41:20.067  INFO 73780 --- [main] o.s.i.endpoint.EventDrivenConsumer       : started bean 'SDKDeviceService.dockFirmwareVersionUpdate.serviceActivator'
2026-04-02 10:41:20.067  INFO 73780 --- [main] o.s.i.endpoint.EventDrivenConsumer       : Adding {service-activator:SDKDeviceService.dockDroneCommanderFlightHeight.serviceActivator} as a subscriber to the 'inboundStateDockDroneCommanderFlightHeight' channel
2026-04-02 10:41:20.067  INFO 73780 --- [main] o.s.integration.channel.DirectChannel    : Channel 'cloud-api-sample.inboundStateDockDroneCommanderFlightHeight' has 1 subscriber(s).
2026-04-02 10:41:20.068  INFO 73780 --- [main] o.s.i.endpoint.EventDrivenConsumer       : started bean 'SDKDeviceService.dockDroneCommanderFlightHeight.serviceActivator'
2026-04-02 10:41:20.070  INFO 73780 --- [main] o.s.i.endpoint.EventDrivenConsumer       : Adding {service-activator:SDKDeviceService.dockDroneModeCodeReason.serviceActivator} as a subscriber to the 'inboundStateDockDroneModeCodeReason' channel
2026-04-02 10:41:20.070  INFO 73780 --- [main] o.s.integration.channel.DirectChannel    : Channel 'cloud-api-sample.inboundStateDockDroneModeCodeReason' has 1 subscriber(s).
2026-04-02 10:41:20.070  INFO 73780 --- [main] o.s.i.endpoint.EventDrivenConsumer       : started bean 'SDKDeviceService.dockDroneModeCodeReason.serviceActivator'
2026-04-02 10:41:20.071  INFO 73780 --- [main] o.s.i.endpoint.EventDrivenConsumer       : Adding {service-activator:SDKDeviceService.dockDroneCurrentCommanderFlightMode.serviceActivator} as a subscriber to the 'inboundStateDockDroneCurrentCommanderFlightMode' channel
2026-04-02 10:41:20.071  INFO 73780 --- [main] o.s.integration.channel.DirectChannel    : Channel 'cloud-api-sample.inboundStateDockDroneCurrentCommanderFlightMode' has 1 subscriber(s).
2026-04-02 10:41:20.072  INFO 73780 --- [main] o.s.i.endpoint.EventDrivenConsumer       : started bean 'SDKDeviceService.dockDroneCurrentCommanderFlightMode.serviceActivator'
2026-04-02 10:41:20.077  INFO 73780 --- [main] o.s.i.endpoint.EventDrivenConsumer       : Adding {service-activator:SDKOrganizationService.airportBindStatus.serviceActivator} as a subscriber to the 'inboundRequestsAirportBindStatus' channel
2026-04-02 10:41:20.078  INFO 73780 --- [main] o.s.integration.channel.DirectChannel    : Channel 'cloud-api-sample.inboundRequestsAirportBindStatus' has 1 subscriber(s).
2026-04-02 10:41:20.078  INFO 73780 --- [main] o.s.i.endpoint.EventDrivenConsumer       : started bean 'SDKOrganizationService.airportBindStatus.serviceActivator'
2026-04-02 10:41:20.078  INFO 73780 --- [main] o.s.i.endpoint.EventDrivenConsumer       : Adding {service-activator:SDKOrganizationService.airportOrganizationBind.serviceActivator} as a subscriber to the 'inboundRequestsAirportOrganizationBind' channel
2026-04-02 10:41:20.078  INFO 73780 --- [main] o.s.integration.channel.DirectChannel    : Channel 'cloud-api-sample.inboundRequestsAirportOrganizationBind' has 1 subscriber(s).
2026-04-02 10:41:20.078  INFO 73780 --- [main] o.s.i.endpoint.EventDrivenConsumer       : started bean 'SDKOrganizationService.airportOrganizationBind.serviceActivator'
2026-04-02 10:41:20.078  INFO 73780 --- [main] o.s.i.endpoint.EventDrivenConsumer       : Adding {service-activator:SDKOrganizationService.airportOrganizationGet.serviceActivator} as a subscriber to the 'inboundRequestsAirportOrganizationGet' channel
2026-04-02 10:41:20.078  INFO 73780 --- [main] o.s.integration.channel.DirectChannel    : Channel 'cloud-api-sample.inboundRequestsAirportOrganizationGet' has 1 subscriber(s).
2026-04-02 10:41:20.078  INFO 73780 --- [main] o.s.i.endpoint.EventDrivenConsumer       : started bean 'SDKOrganizationService.airportOrganizationGet.serviceActivator'
2026-04-02 10:41:20.079  INFO 73780 --- [main] o.s.i.endpoint.EventDrivenConsumer       : Adding {service-activator:SDKFlightAreaService.flightAreasSyncProgress.serviceActivator} as a subscriber to the 'inboundEventsFlightAreasSyncProgress' channel
2026-04-02 10:41:20.079  INFO 73780 --- [main] o.s.integration.channel.DirectChannel    : Channel 'cloud-api-sample.inboundEventsFlightAreasSyncProgress' has 1 subscriber(s).
2026-04-02 10:41:20.079  INFO 73780 --- [main] o.s.i.endpoint.EventDrivenConsumer       : started bean 'SDKFlightAreaService.flightAreasSyncProgress.serviceActivator'
2026-04-02 10:41:20.079  INFO 73780 --- [main] o.s.i.endpoint.EventDrivenConsumer       : Adding {service-activator:SDKFlightAreaService.flightAreasDroneLocation.serviceActivator} as a subscriber to the 'inboundEventsFlightAreasDroneLocation' channel
2026-04-02 10:41:20.079  INFO 73780 --- [main] o.s.integration.channel.DirectChannel    : Channel 'cloud-api-sample.inboundEventsFlightAreasDroneLocation' has 1 subscriber(s).
2026-04-02 10:41:20.079  INFO 73780 --- [main] o.s.i.endpoint.EventDrivenConsumer       : started bean 'SDKFlightAreaService.flightAreasDroneLocation.serviceActivator'
2026-04-02 10:41:20.079  INFO 73780 --- [main] o.s.i.endpoint.EventDrivenConsumer       : Adding {service-activator:SDKFlightAreaService.flightAreasGet.serviceActivator} as a subscriber to the 'inboundRequestsFlightAreasGet' channel
2026-04-02 10:41:20.079  INFO 73780 --- [main] o.s.integration.channel.DirectChannel    : Channel 'cloud-api-sample.inboundRequestsFlightAreasGet' has 1 subscriber(s).
2026-04-02 10:41:20.083  INFO 73780 --- [main] o.s.i.endpoint.EventDrivenConsumer       : started bean 'SDKFlightAreaService.flightAreasGet.serviceActivator'
2026-04-02 10:41:20.084  INFO 73780 --- [main] o.s.i.endpoint.EventDrivenConsumer       : Adding {service-activator:flightAreaServiceImpl.flightAreasSyncProgress.serviceActivator} as a subscriber to the 'inboundEventsFlightAreasSyncProgress' channel
2026-04-02 10:41:20.085  INFO 73780 --- [main] o.s.integration.channel.DirectChannel    : Channel 'cloud-api-sample.inboundEventsFlightAreasSyncProgress' has 2 subscriber(s).
2026-04-02 10:41:20.086  INFO 73780 --- [main] o.s.i.endpoint.EventDrivenConsumer       : started bean 'flightAreaServiceImpl.flightAreasSyncProgress.serviceActivator'
2026-04-02 10:41:20.086  INFO 73780 --- [main] o.s.i.endpoint.EventDrivenConsumer       : Adding {service-activator:flightAreaServiceImpl.flightAreasDroneLocation.serviceActivator} as a subscriber to the 'inboundEventsFlightAreasDroneLocation' channel
2026-04-02 10:41:20.086  INFO 73780 --- [main] o.s.integration.channel.DirectChannel    : Channel 'cloud-api-sample.inboundEventsFlightAreasDroneLocation' has 2 subscriber(s).
2026-04-02 10:41:20.097  INFO 73780 --- [main] o.s.i.endpoint.EventDrivenConsumer       : started bean 'flightAreaServiceImpl.flightAreasDroneLocation.serviceActivator'
2026-04-02 10:41:20.098  INFO 73780 --- [main] o.s.i.endpoint.EventDrivenConsumer       : Adding {service-activator:flightAreaServiceImpl.flightAreasGet.serviceActivator} as a subscriber to the 'inboundRequestsFlightAreasGet' channel
2026-04-02 10:41:20.098  INFO 73780 --- [main] o.s.integration.channel.DirectChannel    : Channel 'cloud-api-sample.inboundRequestsFlightAreasGet' has 2 subscriber(s).
2026-04-02 10:41:20.098  INFO 73780 --- [main] o.s.i.endpoint.EventDrivenConsumer       : started bean 'flightAreaServiceImpl.flightAreasGet.serviceActivator'
2026-04-02 10:41:20.098  INFO 73780 --- [main] o.s.i.endpoint.EventDrivenConsumer       : Adding {service-activator:SDKOfflineMapService.dockDroneOfflineMapEnable.serviceActivator} as a subscriber to the 'inboundStateDockDroneOfflineMapEnable' channel
2026-04-02 10:41:20.099  INFO 73780 --- [main] o.s.integration.channel.DirectChannel    : Channel 'cloud-api-sample.inboundStateDockDroneOfflineMapEnable' has 1 subscriber(s).
2026-04-02 10:41:20.099  INFO 73780 --- [main] o.s.i.endpoint.EventDrivenConsumer       : started bean 'SDKOfflineMapService.dockDroneOfflineMapEnable.serviceActivator'
2026-04-02 10:41:20.099  INFO 73780 --- [main] o.s.i.endpoint.EventDrivenConsumer       : Adding {service-activator:SDKOfflineMapService.offlineMapSyncProgress.serviceActivator} as a subscriber to the 'inboundEventsOfflineMapSyncProgress' channel
2026-04-02 10:41:20.099  INFO 73780 --- [main] o.s.integration.channel.DirectChannel    : Channel 'cloud-api-sample.inboundEventsOfflineMapSyncProgress' has 1 subscriber(s).
2026-04-02 10:41:20.099  INFO 73780 --- [main] o.s.i.endpoint.EventDrivenConsumer       : started bean 'SDKOfflineMapService.offlineMapSyncProgress.serviceActivator'
2026-04-02 10:41:20.099  INFO 73780 --- [main] o.s.i.endpoint.EventDrivenConsumer       : Adding {service-activator:SDKOfflineMapService.offlineMapGet.serviceActivator} as a subscriber to the 'inboundRequestsOfflineMapGet' channel
2026-04-02 10:41:20.099  INFO 73780 --- [main] o.s.integration.channel.DirectChannel    : Channel 'cloud-api-sample.inboundRequestsOfflineMapGet' has 1 subscriber(s).
2026-04-02 10:41:20.099  INFO 73780 --- [main] o.s.i.endpoint.EventDrivenConsumer       : started bean 'SDKOfflineMapService.offlineMapGet.serviceActivator'
2026-04-02 10:41:20.099  INFO 73780 --- [main] o.s.i.endpoint.EventDrivenConsumer       : Adding {router:inboundMessageRouter.determineTargetChannels.router} as a subscriber to the 'inbound' channel
2026-04-02 10:41:20.099  INFO 73780 --- [main] o.s.integration.channel.ExecutorChannel  : Channel 'cloud-api-sample.inbound' has 1 subscriber(s).
2026-04-02 10:41:20.099  INFO 73780 --- [main] o.s.i.endpoint.EventDrivenConsumer       : started bean 'inboundMessageRouter.determineTargetChannels.router'
2026-04-02 10:41:20.100  INFO 73780 --- [main] o.s.i.endpoint.EventDrivenConsumer       : Adding {service-activator:propertySetReplyHandler.propertySetReply.serviceActivator} as a subscriber to the 'inboundPropertySetReply' channel
2026-04-02 10:41:20.106  INFO 73780 --- [main] o.s.integration.channel.DirectChannel    : Channel 'cloud-api-sample.inboundPropertySetReply' has 1 subscriber(s).
2026-04-02 10:41:20.106  INFO 73780 --- [main] o.s.i.endpoint.EventDrivenConsumer       : started bean 'propertySetReplyHandler.propertySetReply.serviceActivator'
2026-04-02 10:41:20.106  INFO 73780 --- [main] o.s.i.endpoint.EventDrivenConsumer       : Adding {service-activator:servicesReplyHandler.servicesReply.serviceActivator} as a subscriber to the 'inboundServicesReply' channel
2026-04-02 10:41:20.106  INFO 73780 --- [main] o.s.integration.channel.DirectChannel    : Channel 'cloud-api-sample.inboundServicesReply' has 1 subscriber(s).
2026-04-02 10:41:20.107  INFO 73780 --- [main] o.s.i.endpoint.EventDrivenConsumer       : started bean 'servicesReplyHandler.servicesReply.serviceActivator'
2026-04-02 10:41:20.108  INFO 73780 --- [main] ProxyFactoryBean$MethodInvocationGateway : started bean 'IMqttMessageGateway#publish(String, byte[])'
2026-04-02 10:41:20.108  INFO 73780 --- [main] ProxyFactoryBean$MethodInvocationGateway : started bean 'IMqttMessageGateway#publish(String, byte[], int)'
2026-04-02 10:41:20.108  INFO 73780 --- [main] o.s.i.gateway.GatewayProxyFactoryBean    : started bean 'IMqttMessageGateway'
2026-04-02 10:41:20.643  INFO 73780 --- [main] .m.i.MqttPahoMessageDrivenChannelAdapter : started bean 'mqttInbound'; defined in: 'class path resource [com/dji/sdk/mqtt/MqttConfiguration.class]'; from source: 'com.dji.sdk.mqtt.MqttConfiguration.mqttInbound()'
2026-04-02 10:41:20.769  INFO 73780 --- [main] o.s.b.w.embedded.tomcat.TomcatWebServer  : Tomcat started on port(s): 24517 (http) with context path ''
2026-04-02 10:41:20.773  INFO 73780 --- [main] o.s.m.s.b.SimpleBrokerMessageHandler     : Starting...
2026-04-02 10:41:20.776  INFO 73780 --- [main] o.s.m.s.b.SimpleBrokerMessageHandler     : BrokerAvailabilityEvent[available=true, SimpleBrokerMessageHandler [org.springframework.messaging.simp.broker.DefaultSubscriptionRegistry@2f8c59d7]]
2026-04-02 10:41:20.777  INFO 73780 --- [main] o.s.m.s.b.SimpleBrokerMessageHandler     : Started.
2026-04-02 10:41:20.912  INFO 73780 --- [main] com.dji.sample.Test                      : Started Test in 61.544 seconds (JVM running for 63.119)
2026-04-02 10:41:23.364  INFO 73780 --- [scheduling-1] c.d.s.manage.timer.DeviceLiveStartTimer  : 开始执行设备状态检测...
2026-04-02 10:41:23.831 DEBUG 73780 --- [main] com.dji.sdk.mqtt.MqttTopicServiceImpl    : subscribe topic: sys/product/8UUXN3U00A046E/status
2026-04-02 10:41:23.842 DEBUG 73780 --- [main] com.dji.sdk.mqtt.MqttTopicServiceImpl    : subscribe topic: thing/product/8UUXN3U00A046E/state
2026-04-02 10:41:23.844 DEBUG 73780 --- [main] com.dji.sdk.mqtt.MqttTopicServiceImpl    : subscribe topic: thing/product/1581F8HGX253800A030D/state
2026-04-02 10:41:23.848 DEBUG 73780 --- [main] com.dji.sdk.mqtt.MqttTopicServiceImpl    : subscribe topic: thing/product/8UUXN3U00A046E/osd
2026-04-02 10:41:23.850 DEBUG 73780 --- [main] com.dji.sdk.mqtt.MqttTopicServiceImpl    : subscribe topic: thing/product/1581F8HGX253800A030D/osd
2026-04-02 10:41:23.852 DEBUG 73780 --- [main] com.dji.sdk.mqtt.MqttTopicServiceImpl    : subscribe topic: thing/product/8UUXN3U00A046E/services_reply
2026-04-02 10:41:23.864 DEBUG 73780 --- [main] com.dji.sdk.mqtt.MqttTopicServiceImpl    : subscribe topic: thing/product/8UUXN3U00A046E/events
2026-04-02 10:41:23.866 DEBUG 73780 --- [main] com.dji.sdk.mqtt.MqttTopicServiceImpl    : subscribe topic: thing/product/1581F8HGX253800A030D/events
2026-04-02 10:41:23.870 DEBUG 73780 --- [main] com.dji.sdk.mqtt.MqttTopicServiceImpl    : subscribe topic: thing/product/8UUXN3U00A046E/requests
2026-04-02 10:41:23.872 DEBUG 73780 --- [main] com.dji.sdk.mqtt.MqttTopicServiceImpl    : subscribe topic: thing/product/8UUXN3U00A046E/property/set_reply
2026-04-02 10:41:24.230  INFO 73780 --- [pool-6-thread-1] o.s.i.h.s.MessagingMethodInvokerHelper   : Overriding default instance of MessageHandlerMethodFactory with provided one.
2026-04-02 10:41:24.252  INFO 73780 --- [pool-6-thread-3] o.s.i.h.s.MessagingMethodInvokerHelper   : Overriding default instance of MessageHandlerMethodFactory with provided one.
2026-04-02 10:41:24.252  INFO 73780 --- [pool-6-thread-2] o.s.i.h.s.MessagingMethodInvokerHelper   : Overriding default instance of MessageHandlerMethodFactory with provided one.
2026-04-02 10:41:24.362  INFO 73780 --- [pool-6-thread-3] o.s.i.h.s.MessagingMethodInvokerHelper   : Overriding default instance of MessageHandlerMethodFactory with provided one.
2026-04-02 10:41:24.409  INFO 73780 --- [pool-6-thread-1] o.s.i.h.s.MessagingMethodInvokerHelper   : Overriding default instance of MessageHandlerMethodFactory with provided one.
2026-04-02 10:41:24.411  INFO 73780 --- [pool-6-thread-2] com.dji.sdk.mqtt.MqttConfiguration       : The default channel does not handle messages.
Topic: thing/product/8UUXN3U00A046E/events
Payload: TopicRequestsRequest{method='uom_fly_data_info', gateway='8UUXN3U00A046E', from='8UUXN3U00A046E', needReply=false, tid='2fc8ebac-2c6d-4063-951b-3072338fc0ae', bid='b7ad547f-1bdd-434a-9c80-7cd439573c11', timestamp=1775097684445, data={output={ext={GS=0, VS=0, altitude=1147.4434967041016, area_code=, coordinate=1, course=1857, flight_status=Inflight, height=117, height_type=1, is_flying=true, is_simulator_open=false, latitude=3.751989693785099E8, longitude=1.2136586910545192E9, manufacture_id=914403007954257495, order_id=1581F8HGX253800A030D-20260402-rJu6N6v1, sn=1581F8HGX253800A030D, time_stamp=20260402024124, uas_id=UAS-DEFAULT, uas_model=M4TD}, progress={current_step=1, percent=88}, status=in_progress}, result=0}}

2026-04-02 10:41:25.043  INFO 73780 --- [pool-6-thread-8] o.s.i.h.s.MessagingMethodInvokerHelper   : Overriding default instance of MessageHandlerMethodFactory with provided one.
2026-04-02 10:41:25.063  INFO 73780 --- [pool-6-thread-5] o.s.i.h.s.MessagingMethodInvokerHelper   : Overriding default instance of MessageHandlerMethodFactory with provided one.
2026-04-02 10:41:25.064  INFO 73780 --- [pool-6-thread-7] o.s.i.h.s.MessagingMethodInvokerHelper   : Overriding default instance of MessageHandlerMethodFactory with provided one.
2026-04-02 10:41:25.162  INFO 73780 --- [scheduling-1] c.d.s.manage.timer.DeviceLiveStartTimer  : 开启机巢直播---
2026-04-02 10:41:25.829  INFO 73780 --- [pool-6-thread-3] o.s.i.h.s.MessagingMethodInvokerHelper   : Overriding default instance of MessageHandlerMethodFactory with provided one.
2026-04-02 10:41:26.371  INFO 73780 --- [pool-6-thread-5] com.dji.sdk.mqtt.MqttConfiguration       : The default channel does not handle messages.
Topic: thing/product/8UUXN3U00A046E/events
Payload: TopicRequestsRequest{method='uom_fly_data_info', gateway='8UUXN3U00A046E', from='8UUXN3U00A046E', needReply=false, tid='86b2c1cb-3f4c-491e-a987-66c9bdc762e4', bid='883c2f02-e9c9-4863-a201-a4513882112a', timestamp=1775097686444, data={output={ext={GS=0, VS=0, altitude=1147.4434967041016, area_code=, coordinate=1, course=1856, flight_status=Inflight, height=117, height_type=1, is_flying=true, is_simulator_open=false, latitude=3.751989679507107E8, longitude=1.2136586925204778E9, manufacture_id=914403007954257495, order_id=1581F8HGX253800A030D-20260402-rJu6N6v1, sn=1581F8HGX253800A030D, time_stamp=20260402024126, uas_id=UAS-DEFAULT, uas_model=M4TD}, progress={current_step=1, percent=88}, status=in_progress}, result=0}}

2026-04-02 10:41:27.072  INFO 73780 --- [pool-6-thread-9] o.s.i.h.s.MessagingMethodInvokerHelper   : Overriding default instance of MessageHandlerMethodFactory with provided one.
2026-04-02 10:41:27.677  INFO 73780 --- [pool-6-thread-9] o.s.i.dispatcher.UnicastingDispatcher    : An exception was thrown by 'ServiceActivator for [org.springframework.integration.handler.MethodInvokingMessageProcessor@44624063] (flightTaskServiceImpl.returnHomeInfo.serviceActivator)' while handling 'GenericMessage [payload=TopicRequestsRequest{method='return_home_info', gateway='8UUXN3U00A046E', from='8UUXN3U00A046E', needReply=false, tid='7d4325ed-707a-4495-be0d-4ffe77a9e17c', bid='08d2353b-21a5-4b4e-b64c-561430d0b66a', timestamp=1775097687134, data=ReturnHomeInfo{plannedPathPoints=[Point{latitude=37.519897, longitude=121.36587, height=114.82135}, Point{latitude=37.519897, longitude=121.36587, height=118.04435}, Point{latitude=37.519897, longitude=121.36587, height=118.04435}], lastPointType=OVER_THE_HOME_POINT, flightId='7d0bf165-06c6-42ad-8f1a-710c40f4d75e'}}, headers={mqtt_receivedRetained=false, mqtt_id=9, mqtt_duplicate=false, id=c1d3ff47-4ed3-9e9d-c2c5-5a6c43572452, mqtt_receivedTopic=thing/product/8UUXN3U00A046E/events, mqtt_receivedQos=1, timestamp=1775097687072}]': error occurred during processing message in 'MethodInvokingMessageProcessor' [org.springframework.integration.handler.MethodInvokingMessageProcessor@44624063]; nested exception is java.lang.UnsupportedOperationException: returnHomeInfo not implemented. Failing over to the next subscriber.
2026-04-02 10:41:27.797 DEBUG 73780 --- [scheduling-1] c.d.s.w.api.WebSocketMessageSend         : send topic: thing/product/8UUXN3U00A046E/services, payload: TopicServicesRequest{method='live_start_push', tid='ea815c81-f400-4855-8ef7-4186a7bf6a00', bid='64aed7d0-441e-489c-b638-44e76dea7d33', timestamp=1775097687711, data=LiveStartPushRequest{urlType=WHIP, url=http://172.20.63.157:8080/index/api/v1/whip?app=live&stream=8UUXN3U00A046E-165-0-7, videoId=8UUXN3U00A046E/165-0-7/normal-0, videoQuality=STANDARD_DEFINITION}}
2026-04-02 10:41:28.067  INFO 73780 --- [pool-6-thread-2] o.s.i.h.s.MessagingMethodInvokerHelper   : Overriding default instance of MessageHandlerMethodFactory with provided one.
2026-04-02 10:41:28.067  INFO 73780 --- [pool-6-thread-8] o.s.i.h.s.MessagingMethodInvokerHelper   : Overriding default instance of MessageHandlerMethodFactory with provided one.
2026-04-02 10:41:28.220  INFO 73780 --- [pool-6-thread-10] com.dji.sdk.mqtt.MqttConfiguration       : The default channel does not handle messages.
Topic: thing/product/8UUXN3U00A046E/events
Payload: TopicRequestsRequest{method='uom_fly_data_info', gateway='8UUXN3U00A046E', from='8UUXN3U00A046E', needReply=false, tid='b61323b3-bd61-4648-a869-e81dd05d054c', bid='c64d68fa-c14d-4678-b34a-4d864e02ff71', timestamp=1775097688446, data={output={ext={GS=1, VS=0, altitude=1147.4434967041016, area_code=, coordinate=1, course=1856, flight_status=Inflight, height=117, height_type=1, is_flying=true, is_simulator_open=false, latitude=3.75198967416583E8, longitude=1.2136586967451978E9, manufacture_id=914403007954257495, order_id=1581F8HGX253800A030D-20260402-rJu6N6v1, sn=1581F8HGX253800A030D, time_stamp=20260402024128, uas_id=UAS-DEFAULT, uas_model=M4TD}, progress={current_step=1, percent=88}, status=in_progress}, result=0}}

2026-04-02 10:41:29.502  INFO 73780 --- [pool-6-thread-7] o.s.i.h.s.MessagingMethodInvokerHelper   : Overriding default instance of MessageHandlerMethodFactory with provided one.
2026-04-02 10:41:29.522  INFO 73780 --- [pool-6-thread-2] c.d.s.m.service.impl.SDKDeviceService    : 进入无人机osd上报---
2026-04-02 10:41:29.522  INFO 73780 --- [pool-6-thread-8] c.d.s.m.service.impl.SDKDeviceService    : 进入无人机osd上报---
2026-04-02 10:41:29.528  INFO 73780 --- [pool-6-thread-8] c.d.s.m.service.impl.SDKDeviceService    : shouldStartLive---true
2026-04-02 10:41:29.528  INFO 73780 --- [pool-6-thread-2] c.d.s.m.service.impl.SDKDeviceService    : shouldStartLive---true
2026-04-02 10:41:29.544  INFO 73780 --- [pool-6-thread-8] c.d.s.m.service.impl.SDKDeviceService    : 开启无人机直播---
2026-04-02 10:41:29.545  INFO 73780 --- [pool-6-thread-2] c.d.s.m.service.impl.SDKDeviceService    : 开启无人机直播---
2026-04-02 10:41:29.558  INFO 73780 --- [SpringApplicationShutdownHook] o.s.m.s.b.SimpleBrokerMessageHandler     : Stopping...
2026-04-02 10:41:29.558  INFO 73780 --- [SpringApplicationShutdownHook] o.s.m.s.b.SimpleBrokerMessageHandler     : BrokerAvailabilityEvent[available=false, SimpleBrokerMessageHandler [org.springframework.messaging.simp.broker.DefaultSubscriptionRegistry@2f8c59d7]]
2026-04-02 10:41:29.558  INFO 73780 --- [SpringApplicationShutdownHook] o.s.m.s.b.SimpleBrokerMessageHandler     : Stopped.
2026-04-02 10:41:29.621  WARN 73780 --- [pool-6-thread-3] c.a.druid.pool.DruidAbstractDataSource   : discard long time none received connection. , jdbcUrl : jdbc:mysql://172.20.63.157:9200/cloud_sample?useSSL=false&allowPublicKeyRetrieval=true, version : 1.2.5, lastPacketReceivedIdleMillis : 61889
2026-04-02 10:41:29.667 DEBUG 73780 --- [pool-6-thread-8] c.d.s.w.api.WebSocketMessageSend         : send topic: thing/product/8UUXN3U00A046E/services, payload: TopicServicesRequest{method='live_start_push', tid='40703c99-6d62-4e96-9974-d4bf52ffd077', bid='84cdb3f8-6e25-4dd7-84f8-07aa88f93b23', timestamp=1775097689667, data=LiveStartPushRequest{urlType=WHIP, url=http://172.20.63.157:8080/index/api/v1/whip?app=live&stream=1581F8HGX253800A030D-99-0-0, videoId=1581F8HGX253800A030D/99-0-0/normal-0, videoQuality=STANDARD_DEFINITION}}
2026-04-02 10:41:29.738 DEBUG 73780 --- [pool-6-thread-2] c.d.s.w.api.WebSocketMessageSend         : send topic: thing/product/8UUXN3U00A046E/services, payload: TopicServicesRequest{method='live_start_push', tid='62082766-bd66-4848-af99-68aa26f06a70', bid='03bc872d-4287-43f6-bc98-b5d2442d1762', timestamp=1775097689738, data=LiveStartPushRequest{urlType=WHIP, url=http://172.20.63.157:8080/index/api/v1/whip?app=live&stream=1581F8HGX253800A030D-99-0-0, videoId=1581F8HGX253800A030D/99-0-0/normal-0, videoQuality=STANDARD_DEFINITION}}
2026-04-02 10:41:29.759  INFO 73780 --- [pool-6-thread-2] c.d.s.m.service.impl.SDKDeviceService    : 无人机 1581F8HGX253800A030D 直播已开启
2026-04-02 10:41:29.874  INFO 73780 --- [pool-6-thread-7] c.d.s.m.service.impl.SDKDeviceService    : 进入无人机osd上报---
2026-04-02 10:41:29.876  INFO 73780 --- [pool-6-thread-7] c.d.s.m.service.impl.SDKDeviceService    : shouldStartLive---true
2026-04-02 10:41:29.876 DEBUG 73780 --- [pool-6-thread-7] c.d.s.m.service.impl.SDKDeviceService    : 距离上次调用直播接口不足3秒，跳过无人机 1581F8HGX253800A030D 直播开启
2026-04-02 10:41:30.195  INFO 73780 --- [pool-6-thread-1] com.dji.sdk.mqtt.MqttConfiguration       : The default channel does not handle messages.
Topic: thing/product/8UUXN3U00A046E/events
Payload: TopicRequestsRequest{method='uom_fly_data_info', gateway='8UUXN3U00A046E', from='8UUXN3U00A046E', needReply=false, tid='6f36e11b-7186-446f-ac72-4147379f379d', bid='f8b338b5-45a4-4084-a6bb-2946bb6f08b4', timestamp=1775097690444, data={output={ext={GS=0, VS=0, altitude=1147.4434967041016, area_code=, coordinate=1, course=1856, flight_status=Inflight, height=117, height_type=1, is_flying=true, is_simulator_open=false, latitude=3.751989699993905E8, longitude=1.2136586877710154E9, manufacture_id=914403007954257495, order_id=1581F8HGX253800A030D-20260402-rJu6N6v1, sn=1581F8HGX253800A030D, time_stamp=20260402024130, uas_id=UAS-DEFAULT, uas_model=M4TD}, progress={current_step=1, percent=88}, status=in_progress}, result=0}}

2026-04-02 10:41:35.585  INFO 73780 --- [SpringApplicationShutdownHook] .m.i.MqttPahoMessageDrivenChannelAdapter : stopped bean 'mqttInbound'; defined in: 'class path resource [com/dji/sdk/mqtt/MqttConfiguration.class]'; from source: 'com.dji.sdk.mqtt.MqttConfiguration.mqttInbound()'
2026-04-02 10:41:35.591  INFO 73780 --- [SpringApplicationShutdownHook] ProxyFactoryBean$MethodInvocationGateway : stopped bean 'IMqttMessageGateway#publish(String, byte[])'
2026-04-02 10:41:35.591  INFO 73780 --- [SpringApplicationShutdownHook] ProxyFactoryBean$MethodInvocationGateway : stopped bean 'IMqttMessageGateway#publish(String, byte[], int)'
2026-04-02 10:41:35.592  INFO 73780 --- [SpringApplicationShutdownHook] o.s.i.gateway.GatewayProxyFactoryBean    : stopped bean 'IMqttMessageGateway'
2026-04-02 10:41:35.592  INFO 73780 --- [SpringApplicationShutdownHook] o.s.i.endpoint.EventDrivenConsumer       : Removing {transformer} as a subscriber to the 'inboundDrcUp' channel
2026-04-02 10:41:35.592  INFO 73780 --- [SpringApplicationShutdownHook] o.s.integration.channel.DirectChannel    : Channel 'cloud-api-sample.inboundDrcUp' has 0 subscriber(s).
2026-04-02 10:41:35.592  INFO 73780 --- [SpringApplicationShutdownHook] o.s.i.endpoint.EventDrivenConsumer       : stopped bean 'drcUpRouterFlow.org.springframework.integration.config.ConsumerEndpointFactoryBean#0'; defined in: 'class path resource [com/dji/sdk/mqtt/drc/DrcUpRouter.class]'; from source: 'bean method drcUpRouterFlow'
2026-04-02 10:41:35.592  INFO 73780 --- [SpringApplicationShutdownHook] o.s.i.endpoint.EventDrivenConsumer       : Removing {router} as a subscriber to the 'drcUpRouterFlow.channel#0' channel
2026-04-02 10:41:35.593  INFO 73780 --- [SpringApplicationShutdownHook] o.s.integration.channel.DirectChannel    : Channel 'cloud-api-sample.drcUpRouterFlow.channel#0' has 0 subscriber(s).
2026-04-02 10:41:35.593  INFO 73780 --- [SpringApplicationShutdownHook] o.s.i.endpoint.EventDrivenConsumer       : stopped bean 'drcUpRouterFlow.org.springframework.integration.config.ConsumerEndpointFactoryBean#1'; defined in: 'class path resource [com/dji/sdk/mqtt/drc/DrcUpRouter.class]'; from source: 'bean method drcUpRouterFlow'
2026-04-02 10:41:35.593  INFO 73780 --- [SpringApplicationShutdownHook] o.s.i.endpoint.EventDrivenConsumer       : Removing {transformer} as a subscriber to the 'inboundEvents' channel
2026-04-02 10:41:35.593  INFO 73780 --- [SpringApplicationShutdownHook] o.s.integration.channel.DirectChannel    : Channel 'cloud-api-sample.inboundEvents' has 0 subscriber(s).
2026-04-02 10:41:35.593  INFO 73780 --- [SpringApplicationShutdownHook] o.s.i.endpoint.EventDrivenConsumer       : stopped bean 'eventsMethodRouterFlow.org.springframework.integration.config.ConsumerEndpointFactoryBean#0'; defined in: 'class path resource [com/dji/sdk/mqtt/events/EventsRouter.class]'; from source: 'bean method eventsMethodRouterFlow'
2026-04-02 10:41:35.593  INFO 73780 --- [SpringApplicationShutdownHook] o.s.i.endpoint.EventDrivenConsumer       : Removing {router} as a subscriber to the 'eventsMethodRouterFlow.channel#0' channel
2026-04-02 10:41:35.593  INFO 73780 --- [SpringApplicationShutdownHook] o.s.integration.channel.DirectChannel    : Channel 'cloud-api-sample.eventsMethodRouterFlow.channel#0' has 0 subscriber(s).
2026-04-02 10:41:35.593  INFO 73780 --- [SpringApplicationShutdownHook] o.s.i.endpoint.EventDrivenConsumer       : stopped bean 'eventsMethodRouterFlow.org.springframework.integration.config.ConsumerEndpointFactoryBean#1'; defined in: 'class path resource [com/dji/sdk/mqtt/events/EventsRouter.class]'; from source: 'bean method eventsMethodRouterFlow'
2026-04-02 10:41:35.593  INFO 73780 --- [SpringApplicationShutdownHook] o.s.i.endpoint.EventDrivenConsumer       : Removing {service-activator} as a subscriber to the 'outboundEvents' channel
2026-04-02 10:41:35.594  INFO 73780 --- [SpringApplicationShutdownHook] o.s.integration.channel.DirectChannel    : Channel 'cloud-api-sample.outboundEvents' has 0 subscriber(s).
2026-04-02 10:41:35.594  INFO 73780 --- [SpringApplicationShutdownHook] o.s.i.endpoint.EventDrivenConsumer       : stopped bean 'replySuccessEvents.org.springframework.integration.config.ConsumerEndpointFactoryBean#0'; defined in: 'class path resource [com/dji/sdk/mqtt/events/EventsRouter.class]'; from source: 'bean method replySuccessEvents'
2026-04-02 10:41:35.594  INFO 73780 --- [SpringApplicationShutdownHook] o.s.i.endpoint.EventDrivenConsumer       : Removing {transformer} as a subscriber to the 'inboundOsd' channel
2026-04-02 10:41:35.594  INFO 73780 --- [SpringApplicationShutdownHook] o.s.integration.channel.ExecutorChannel  : Channel 'cloud-api-sample.inboundOsd' has 0 subscriber(s).
2026-04-02 10:41:35.594  INFO 73780 --- [SpringApplicationShutdownHook] o.s.i.endpoint.EventDrivenConsumer       : stopped bean 'osdRouterFlow.org.springframework.integration.config.ConsumerEndpointFactoryBean#0'; defined in: 'class path resource [com/dji/sdk/mqtt/osd/OsdRouter.class]'; from source: 'bean method osdRouterFlow'
2026-04-02 10:41:35.594  INFO 73780 --- [SpringApplicationShutdownHook] o.s.i.endpoint.EventDrivenConsumer       : Removing {service-activator} as a subscriber to the 'osdRouterFlow.channel#0' channel
2026-04-02 10:41:35.594  INFO 73780 --- [SpringApplicationShutdownHook] o.s.integration.channel.DirectChannel    : Channel 'cloud-api-sample.osdRouterFlow.channel#0' has 0 subscriber(s).
2026-04-02 10:41:35.594  INFO 73780 --- [SpringApplicationShutdownHook] o.s.i.endpoint.EventDrivenConsumer       : stopped bean 'osdRouterFlow.org.springframework.integration.config.ConsumerEndpointFactoryBean#1'; defined in: 'class path resource [com/dji/sdk/mqtt/osd/OsdRouter.class]'; from source: 'bean method osdRouterFlow'
2026-04-02 10:41:35.594  INFO 73780 --- [SpringApplicationShutdownHook] o.s.i.endpoint.EventDrivenConsumer       : Removing {router} as a subscriber to the 'osdRouterFlow.channel#1' channel
2026-04-02 10:41:35.594  INFO 73780 --- [SpringApplicationShutdownHook] o.s.integration.channel.DirectChannel    : Channel 'cloud-api-sample.osdRouterFlow.channel#1' has 0 subscriber(s).
2026-04-02 10:41:35.595  INFO 73780 --- [SpringApplicationShutdownHook] o.s.i.endpoint.EventDrivenConsumer       : stopped bean 'osdRouterFlow.org.springframework.integration.config.ConsumerEndpointFactoryBean#2'; defined in: 'class path resource [com/dji/sdk/mqtt/osd/OsdRouter.class]'; from source: 'bean method osdRouterFlow'
2026-04-02 10:41:35.595  INFO 73780 --- [SpringApplicationShutdownHook] o.s.i.endpoint.EventDrivenConsumer       : Removing {transformer} as a subscriber to the 'inboundRequests' channel
2026-04-02 10:41:35.595  INFO 73780 --- [SpringApplicationShutdownHook] o.s.integration.channel.DirectChannel    : Channel 'cloud-api-sample.inboundRequests' has 0 subscriber(s).
2026-04-02 10:41:35.595  INFO 73780 --- [SpringApplicationShutdownHook] o.s.i.endpoint.EventDrivenConsumer       : stopped bean 'requestsMethodRouterFlow.org.springframework.integration.config.ConsumerEndpointFactoryBean#0'; defined in: 'class path resource [com/dji/sdk/mqtt/requests/RequestsRouter.class]'; from source: 'bean method requestsMethodRouterFlow'
2026-04-02 10:41:35.595  INFO 73780 --- [SpringApplicationShutdownHook] o.s.i.endpoint.EventDrivenConsumer       : Removing {router} as a subscriber to the 'requestsMethodRouterFlow.channel#0' channel
2026-04-02 10:41:35.595  INFO 73780 --- [SpringApplicationShutdownHook] o.s.integration.channel.DirectChannel    : Channel 'cloud-api-sample.requestsMethodRouterFlow.channel#0' has 0 subscriber(s).
2026-04-02 10:41:35.595  INFO 73780 --- [SpringApplicationShutdownHook] o.s.i.endpoint.EventDrivenConsumer       : stopped bean 'requestsMethodRouterFlow.org.springframework.integration.config.ConsumerEndpointFactoryBean#1'; defined in: 'class path resource [com/dji/sdk/mqtt/requests/RequestsRouter.class]'; from source: 'bean method requestsMethodRouterFlow'
2026-04-02 10:41:35.595  INFO 73780 --- [SpringApplicationShutdownHook] o.s.i.endpoint.EventDrivenConsumer       : Removing {service-activator} as a subscriber to the 'outboundRequests' channel
2026-04-02 10:41:35.595  INFO 73780 --- [SpringApplicationShutdownHook] o.s.integration.channel.DirectChannel    : Channel 'cloud-api-sample.outboundRequests' has 0 subscriber(s).
2026-04-02 10:41:35.595  INFO 73780 --- [SpringApplicationShutdownHook] o.s.i.endpoint.EventDrivenConsumer       : stopped bean 'replyRequestsMethod.org.springframework.integration.config.ConsumerEndpointFactoryBean#0'; defined in: 'class path resource [com/dji/sdk/mqtt/requests/RequestsRouter.class]'; from source: 'bean method replyRequestsMethod'
2026-04-02 10:41:35.596  INFO 73780 --- [SpringApplicationShutdownHook] o.s.i.endpoint.EventDrivenConsumer       : Removing {transformer} as a subscriber to the 'inboundState' channel
2026-04-02 10:41:35.596  INFO 73780 --- [SpringApplicationShutdownHook] o.s.integration.channel.DirectChannel    : Channel 'cloud-api-sample.inboundState' has 0 subscriber(s).
2026-04-02 10:41:35.596  INFO 73780 --- [SpringApplicationShutdownHook] o.s.i.endpoint.EventDrivenConsumer       : stopped bean 'stateDataRouterFlow.org.springframework.integration.config.ConsumerEndpointFactoryBean#0'; defined in: 'class path resource [com/dji/sdk/mqtt/state/StateRouter.class]'; from source: 'bean method stateDataRouterFlow'
2026-04-02 10:41:35.596  INFO 73780 --- [SpringApplicationShutdownHook] o.s.i.endpoint.EventDrivenConsumer       : Removing {router} as a subscriber to the 'stateDataRouterFlow.channel#0' channel
2026-04-02 10:41:35.596  INFO 73780 --- [SpringApplicationShutdownHook] o.s.integration.channel.DirectChannel    : Channel 'cloud-api-sample.stateDataRouterFlow.channel#0' has 0 subscriber(s).
2026-04-02 10:41:35.596  INFO 73780 --- [SpringApplicationShutdownHook] o.s.i.endpoint.EventDrivenConsumer       : stopped bean 'stateDataRouterFlow.org.springframework.integration.config.ConsumerEndpointFactoryBean#1'; defined in: 'class path resource [com/dji/sdk/mqtt/state/StateRouter.class]'; from source: 'bean method stateDataRouterFlow'
2026-04-02 10:41:35.596  INFO 73780 --- [SpringApplicationShutdownHook] o.s.i.endpoint.EventDrivenConsumer       : Removing {service-activator} as a subscriber to the 'outboundState' channel
2026-04-02 10:41:35.596  INFO 73780 --- [SpringApplicationShutdownHook] o.s.integration.channel.DirectChannel    : Channel 'cloud-api-sample.outboundState' has 0 subscriber(s).
2026-04-02 10:41:35.596  INFO 73780 --- [SpringApplicationShutdownHook] o.s.i.endpoint.EventDrivenConsumer       : stopped bean 'replySuccessState.org.springframework.integration.config.ConsumerEndpointFactoryBean#0'; defined in: 'class path resource [com/dji/sdk/mqtt/state/StateRouter.class]'; from source: 'bean method replySuccessState'
2026-04-02 10:41:35.596  INFO 73780 --- [SpringApplicationShutdownHook] o.s.i.endpoint.EventDrivenConsumer       : Removing {transformer} as a subscriber to the 'inboundStatus' channel
2026-04-02 10:41:35.597  INFO 73780 --- [SpringApplicationShutdownHook] o.s.integration.channel.DirectChannel    : Channel 'cloud-api-sample.inboundStatus' has 0 subscriber(s).
2026-04-02 10:41:35.597  INFO 73780 --- [SpringApplicationShutdownHook] o.s.i.endpoint.EventDrivenConsumer       : stopped bean 'statusRouterFlow.org.springframework.integration.config.ConsumerEndpointFactoryBean#0'; defined in: 'class path resource [com/dji/sdk/mqtt/status/StatusRouter.class]'; from source: 'bean method statusRouterFlow'
2026-04-02 10:41:35.597  INFO 73780 --- [SpringApplicationShutdownHook] o.s.i.endpoint.EventDrivenConsumer       : Removing {router} as a subscriber to the 'statusRouterFlow.channel#0' channel
2026-04-02 10:41:35.597  INFO 73780 --- [SpringApplicationShutdownHook] o.s.integration.channel.DirectChannel    : Channel 'cloud-api-sample.statusRouterFlow.channel#0' has 0 subscriber(s).
2026-04-02 10:41:35.597  INFO 73780 --- [SpringApplicationShutdownHook] o.s.i.endpoint.EventDrivenConsumer       : stopped bean 'statusRouterFlow.org.springframework.integration.config.ConsumerEndpointFactoryBean#1'; defined in: 'class path resource [com/dji/sdk/mqtt/status/StatusRouter.class]'; from source: 'bean method statusRouterFlow'
2026-04-02 10:41:35.597  INFO 73780 --- [SpringApplicationShutdownHook] o.s.i.endpoint.EventDrivenConsumer       : Removing {service-activator} as a subscriber to the 'outboundStatus' channel
2026-04-02 10:41:35.597  INFO 73780 --- [SpringApplicationShutdownHook] o.s.integration.channel.DirectChannel    : Channel 'cloud-api-sample.outboundStatus' has 0 subscriber(s).
2026-04-02 10:41:35.597  INFO 73780 --- [SpringApplicationShutdownHook] o.s.i.endpoint.EventDrivenConsumer       : stopped bean 'replySuccessStatus.org.springframework.integration.config.ConsumerEndpointFactoryBean#0'; defined in: 'class path resource [com/dji/sdk/mqtt/status/StatusRouter.class]'; from source: 'bean method replySuccessStatus'
2026-04-02 10:41:35.598  INFO 73780 --- [SpringApplicationShutdownHook] o.s.i.endpoint.EventDrivenConsumer       : Removing {logging-channel-adapter:_org.springframework.integration.errorLogger} as a subscriber to the 'errorChannel' channel
2026-04-02 10:41:35.598  INFO 73780 --- [SpringApplicationShutdownHook] o.s.i.channel.PublishSubscribeChannel    : Channel 'cloud-api-sample.errorChannel' has 0 subscriber(s).
2026-04-02 10:41:35.599  INFO 73780 --- [SpringApplicationShutdownHook] o.s.i.endpoint.EventDrivenConsumer       : stopped bean '_org.springframework.integration.errorLogger'
2026-04-02 10:41:35.599  INFO 73780 --- [SpringApplicationShutdownHook] o.s.i.endpoint.EventDrivenConsumer       : Removing {service-activator:SDKAirsenseService.airsenseWarning.serviceActivator} as a subscriber to the 'inboundEventsAirsenseWarning' channel
2026-04-02 10:41:35.599  INFO 73780 --- [SpringApplicationShutdownHook] o.s.integration.channel.DirectChannel    : Channel 'cloud-api-sample.inboundEventsAirsenseWarning' has 0 subscriber(s).
2026-04-02 10:41:35.599  INFO 73780 --- [SpringApplicationShutdownHook] o.s.i.endpoint.EventDrivenConsumer       : stopped bean 'SDKAirsenseService.airsenseWarning.serviceActivator'
2026-04-02 10:41:35.599  INFO 73780 --- [SpringApplicationShutdownHook] o.s.i.endpoint.EventDrivenConsumer       : Removing {message-handler:mqttConfiguration.defaultInboundHandler.serviceActivator} as a subscriber to the 'default' channel
2026-04-02 10:41:35.599  INFO 73780 --- [SpringApplicationShutdownHook] o.s.integration.channel.DirectChannel    : Channel 'cloud-api-sample.default' has 0 subscriber(s).
2026-04-02 10:41:35.601  INFO 73780 --- [SpringApplicationShutdownHook] o.s.i.endpoint.EventDrivenConsumer       : stopped bean 'mqttConfiguration.defaultInboundHandler.serviceActivator'
2026-04-02 10:41:35.603  INFO 73780 --- [SpringApplicationShutdownHook] o.s.i.endpoint.EventDrivenConsumer       : Removing {message-handler:mqttConfiguration.mqttOutbound.serviceActivator} as a subscriber to the 'outbound' channel
2026-04-02 10:41:35.604  INFO 73780 --- [SpringApplicationShutdownHook] o.s.integration.channel.DirectChannel    : Channel 'cloud-api-sample.outbound' has 0 subscriber(s).
2026-04-02 10:41:35.604  INFO 73780 --- [SpringApplicationShutdownHook] o.s.i.endpoint.EventDrivenConsumer       : stopped bean 'mqttConfiguration.mqttOutbound.serviceActivator'
2026-04-02 10:41:35.604  INFO 73780 --- [SpringApplicationShutdownHook] o.s.i.endpoint.EventDrivenConsumer       : Removing {service-activator:deviceFirmwareServiceImpl.otaProgress.serviceActivator} as a subscriber to the 'inboundEventsOtaProgress' channel
2026-04-02 10:41:35.605  INFO 73780 --- [SpringApplicationShutdownHook] o.s.integration.channel.DirectChannel    : Channel 'cloud-api-sample.inboundEventsOtaProgress' has 0 subscriber(s).
2026-04-02 10:41:35.605  INFO 73780 --- [SpringApplicationShutdownHook] o.s.i.endpoint.EventDrivenConsumer       : stopped bean 'deviceFirmwareServiceImpl.otaProgress.serviceActivator'
2026-04-02 10:41:35.608  INFO 73780 --- [SpringApplicationShutdownHook] o.s.i.endpoint.EventDrivenConsumer       : Removing {service-activator:SDKWaylineService.inFlighttaskProgress.serviceActivator} as a subscriber to the 'inboundEventsInFlighttaskProgress' channel
2026-04-02 10:41:35.609  INFO 73780 --- [SpringApplicationShutdownHook] o.s.integration.channel.DirectChannel    : Channel 'cloud-api-sample.inboundEventsInFlighttaskProgress' has 1 subscriber(s).
2026-04-02 10:41:35.609  INFO 73780 --- [SpringApplicationShutdownHook] o.s.i.endpoint.EventDrivenConsumer       : stopped bean 'SDKWaylineService.inFlighttaskProgress.serviceActivator'
2026-04-02 10:41:35.609  INFO 73780 --- [SpringApplicationShutdownHook] o.s.i.endpoint.EventDrivenConsumer       : Removing {service-activator:SDKWaylineService.flighttaskResourceGet.serviceActivator} as a subscriber to the 'inboundRequestsFlightTaskResourceGet' channel
2026-04-02 10:41:35.609  INFO 73780 --- [SpringApplicationShutdownHook] o.s.integration.channel.DirectChannel    : Channel 'cloud-api-sample.inboundRequestsFlightTaskResourceGet' has 1 subscriber(s).
2026-04-02 10:41:35.609  INFO 73780 --- [SpringApplicationShutdownHook] o.s.i.endpoint.EventDrivenConsumer       : stopped bean 'SDKWaylineService.flighttaskResourceGet.serviceActivator'
2026-04-02 10:41:35.610  INFO 73780 --- [SpringApplicationShutdownHook] o.s.i.endpoint.EventDrivenConsumer       : Removing {service-activator:SDKWaylineService.deviceExitHomingNotify.serviceActivator} as a subscriber to the 'inboundEventsDeviceExitHomingNotify' channel
2026-04-02 10:41:35.610  INFO 73780 --- [SpringApplicationShutdownHook] o.s.integration.channel.DirectChannel    : Channel 'cloud-api-sample.inboundEventsDeviceExitHomingNotify' has 1 subscriber(s).
2026-04-02 10:41:35.610  INFO 73780 --- [SpringApplicationShutdownHook] o.s.i.endpoint.EventDrivenConsumer       : stopped bean 'SDKWaylineService.deviceExitHomingNotify.serviceActivator'
2026-04-02 10:41:35.610  INFO 73780 --- [SpringApplicationShutdownHook] o.s.i.endpoint.EventDrivenConsumer       : Removing {service-activator:SDKWaylineService.flighttaskReady.serviceActivator} as a subscriber to the 'inboundEventsFlighttaskReady' channel
2026-04-02 10:41:35.610  INFO 73780 --- [SpringApplicationShutdownHook] o.s.integration.channel.DirectChannel    : Channel 'cloud-api-sample.inboundEventsFlighttaskReady' has 1 subscriber(s).
2026-04-02 10:41:35.610  INFO 73780 --- [SpringApplicationShutdownHook] o.s.i.endpoint.EventDrivenConsumer       : stopped bean 'SDKWaylineService.flighttaskReady.serviceActivator'
2026-04-02 10:41:35.610  INFO 73780 --- [SpringApplicationShutdownHook] o.s.i.endpoint.EventDrivenConsumer       : Removing {service-activator:SDKWaylineService.returnHomeInfo.serviceActivator} as a subscriber to the 'inboundEventsReturnHomeInfo' channel
2026-04-02 10:41:35.610  INFO 73780 --- [SpringApplicationShutdownHook] o.s.integration.channel.DirectChannel    : Channel 'cloud-api-sample.inboundEventsReturnHomeInfo' has 1 subscriber(s).
2026-04-02 10:41:35.610  INFO 73780 --- [SpringApplicationShutdownHook] o.s.i.endpoint.EventDrivenConsumer       : stopped bean 'SDKWaylineService.returnHomeInfo.serviceActivator'
2026-04-02 10:41:35.610  INFO 73780 --- [SpringApplicationShutdownHook] o.s.i.endpoint.EventDrivenConsumer       : Removing {service-activator:SDKWaylineService.flighttaskProgress.serviceActivator} as a subscriber to the 'inboundEventsFlighttaskProgress' channel
2026-04-02 10:41:35.610  INFO 73780 --- [SpringApplicationShutdownHook] o.s.integration.channel.DirectChannel    : Channel 'cloud-api-sample.inboundEventsFlighttaskProgress' has 1 subscriber(s).
2026-04-02 10:41:35.611  INFO 73780 --- [SpringApplicationShutdownHook] o.s.i.endpoint.EventDrivenConsumer       : stopped bean 'SDKWaylineService.flighttaskProgress.serviceActivator'
2026-04-02 10:41:35.611  INFO 73780 --- [SpringApplicationShutdownHook] o.s.i.endpoint.EventDrivenConsumer       : Removing {service-activator:mediaServiceImpl.fileUploadCallback.serviceActivator} as a subscriber to the 'inboundEventsFileUploadCallback' channel
2026-04-02 10:41:35.611  INFO 73780 --- [SpringApplicationShutdownHook] o.s.integration.channel.DirectChannel    : Channel 'cloud-api-sample.inboundEventsFileUploadCallback' has 2 subscriber(s).
2026-04-02 10:41:35.611  INFO 73780 --- [SpringApplicationShutdownHook] o.s.i.endpoint.EventDrivenConsumer       : stopped bean 'mediaServiceImpl.fileUploadCallback.serviceActivator'
2026-04-02 10:41:35.611  INFO 73780 --- [SpringApplicationShutdownHook] o.s.i.endpoint.EventDrivenConsumer       : Removing {service-activator:mediaServiceImpl.storageConfigGet.serviceActivator} as a subscriber to the 'inboundRequestsStorageConfigGet' channel
2026-04-02 10:41:35.611  INFO 73780 --- [SpringApplicationShutdownHook] o.s.integration.channel.DirectChannel    : Channel 'cloud-api-sample.inboundRequestsStorageConfigGet' has 2 subscriber(s).
2026-04-02 10:41:35.611  INFO 73780 --- [SpringApplicationShutdownHook] o.s.i.endpoint.EventDrivenConsumer       : stopped bean 'mediaServiceImpl.storageConfigGet.serviceActivator'
2026-04-02 10:41:35.611  INFO 73780 --- [SpringApplicationShutdownHook] o.s.i.endpoint.EventDrivenConsumer       : Removing {service-activator:mediaServiceImpl.highestPriorityUploadFlightTaskMedia.serviceActivator} as a subscriber to the 'inboundEventsHighestPriorityUploadFlightTaskMedia' channel
2026-04-02 10:41:35.611  INFO 73780 --- [SpringApplicationShutdownHook] o.s.integration.channel.DirectChannel    : Channel 'cloud-api-sample.inboundEventsHighestPriorityUploadFlightTaskMedia' has 2 subscriber(s).
2026-04-02 10:41:35.612  INFO 73780 --- [SpringApplicationShutdownHook] o.s.i.endpoint.EventDrivenConsumer       : stopped bean 'mediaServiceImpl.highestPriorityUploadFlightTaskMedia.serviceActivator'
2026-04-02 10:41:35.612  INFO 73780 --- [SpringApplicationShutdownHook] o.s.i.endpoint.EventDrivenConsumer       : Removing {service-activator:flightTaskServiceImpl.inFlighttaskProgress.serviceActivator} as a subscriber to the 'inboundEventsInFlighttaskProgress' channel
2026-04-02 10:41:35.612  INFO 73780 --- [SpringApplicationShutdownHook] o.s.integration.channel.DirectChannel    : Channel 'cloud-api-sample.inboundEventsInFlighttaskProgress' has 0 subscriber(s).
2026-04-02 10:41:35.612  INFO 73780 --- [SpringApplicationShutdownHook] o.s.i.endpoint.EventDrivenConsumer       : stopped bean 'flightTaskServiceImpl.inFlighttaskProgress.serviceActivator'
2026-04-02 10:41:35.612  INFO 73780 --- [SpringApplicationShutdownHook] o.s.i.endpoint.EventDrivenConsumer       : Removing {service-activator:flightTaskServiceImpl.flighttaskResourceGet.serviceActivator} as a subscriber to the 'inboundRequestsFlightTaskResourceGet' channel
2026-04-02 10:41:35.612  INFO 73780 --- [SpringApplicationShutdownHook] o.s.integration.channel.DirectChannel    : Channel 'cloud-api-sample.inboundRequestsFlightTaskResourceGet' has 0 subscriber(s).
2026-04-02 10:41:35.612  INFO 73780 --- [SpringApplicationShutdownHook] o.s.i.endpoint.EventDrivenConsumer       : stopped bean 'flightTaskServiceImpl.flighttaskResourceGet.serviceActivator'
2026-04-02 10:41:35.612  INFO 73780 --- [SpringApplicationShutdownHook] o.s.i.endpoint.EventDrivenConsumer       : Removing {service-activator:flightTaskServiceImpl.deviceExitHomingNotify.serviceActivator} as a subscriber to the 'inboundEventsDeviceExitHomingNotify' channel
2026-04-02 10:41:35.612  INFO 73780 --- [SpringApplicationShutdownHook] o.s.integration.channel.DirectChannel    : Channel 'cloud-api-sample.inboundEventsDeviceExitHomingNotify' has 0 subscriber(s).
2026-04-02 10:41:35.613  INFO 73780 --- [SpringApplicationShutdownHook] o.s.i.endpoint.EventDrivenConsumer       : stopped bean 'flightTaskServiceImpl.deviceExitHomingNotify.serviceActivator'
2026-04-02 10:41:35.613  INFO 73780 --- [SpringApplicationShutdownHook] o.s.i.endpoint.EventDrivenConsumer       : Removing {service-activator:flightTaskServiceImpl.flighttaskReady.serviceActivator} as a subscriber to the 'inboundEventsFlighttaskReady' channel
2026-04-02 10:41:35.613  INFO 73780 --- [SpringApplicationShutdownHook] o.s.integration.channel.DirectChannel    : Channel 'cloud-api-sample.inboundEventsFlighttaskReady' has 0 subscriber(s).
2026-04-02 10:41:35.613  INFO 73780 --- [SpringApplicationShutdownHook] o.s.i.endpoint.EventDrivenConsumer       : stopped bean 'flightTaskServiceImpl.flighttaskReady.serviceActivator'
2026-04-02 10:41:35.613  INFO 73780 --- [SpringApplicationShutdownHook] o.s.i.endpoint.EventDrivenConsumer       : Removing {service-activator:flightTaskServiceImpl.returnHomeInfo.serviceActivator} as a subscriber to the 'inboundEventsReturnHomeInfo' channel
2026-04-02 10:41:35.613  INFO 73780 --- [SpringApplicationShutdownHook] o.s.integration.channel.DirectChannel    : Channel 'cloud-api-sample.inboundEventsReturnHomeInfo' has 0 subscriber(s).
2026-04-02 10:41:35.613  INFO 73780 --- [SpringApplicationShutdownHook] o.s.i.endpoint.EventDrivenConsumer       : stopped bean 'flightTaskServiceImpl.returnHomeInfo.serviceActivator'
2026-04-02 10:41:35.613  INFO 73780 --- [SpringApplicationShutdownHook] o.s.i.endpoint.EventDrivenConsumer       : Removing {service-activator:flightTaskServiceImpl.flighttaskProgress.serviceActivator} as a subscriber to the 'inboundEventsFlighttaskProgress' channel
2026-04-02 10:41:35.614  INFO 73780 --- [SpringApplicationShutdownHook] o.s.integration.channel.DirectChannel    : Channel 'cloud-api-sample.inboundEventsFlighttaskProgress' has 0 subscriber(s).
2026-04-02 10:41:35.614  INFO 73780 --- [SpringApplicationShutdownHook] o.s.i.endpoint.EventDrivenConsumer       : stopped bean 'flightTaskServiceImpl.flighttaskProgress.serviceActivator'
2026-04-02 10:41:35.615  INFO 73780 --- [SpringApplicationShutdownHook] o.s.i.endpoint.EventDrivenConsumer       : Removing {service-activator:SDKControlService.poiStatusNotify.serviceActivator} as a subscriber to the 'inboundEventsPoiStatusNotify' channel
2026-04-02 10:41:35.615  INFO 73780 --- [SpringApplicationShutdownHook] o.s.integration.channel.DirectChannel    : Channel 'cloud-api-sample.inboundEventsPoiStatusNotify' has 0 subscriber(s).
2026-04-02 10:41:35.615  INFO 73780 --- [SpringApplicationShutdownHook] o.s.i.endpoint.EventDrivenConsumer       : stopped bean 'SDKControlService.poiStatusNotify.serviceActivator'
2026-04-02 10:41:35.615  INFO 73780 --- [SpringApplicationShutdownHook] o.s.i.endpoint.EventDrivenConsumer       : Removing {service-activator:SDKControlService.delayInfoPush.serviceActivator} as a subscriber to the 'inboundDrcUpDelayInfoPush' channel
2026-04-02 10:41:35.615  INFO 73780 --- [SpringApplicationShutdownHook] o.s.integration.channel.DirectChannel    : Channel 'cloud-api-sample.inboundDrcUpDelayInfoPush' has 0 subscriber(s).
2026-04-02 10:41:35.615  INFO 73780 --- [SpringApplicationShutdownHook] o.s.i.endpoint.EventDrivenConsumer       : stopped bean 'SDKControlService.delayInfoPush.serviceActivator'
2026-04-02 10:41:35.615  INFO 73780 --- [SpringApplicationShutdownHook] o.s.i.endpoint.EventDrivenConsumer       : Removing {service-activator:SDKControlService.osdInfoPush.serviceActivator} as a subscriber to the 'inboundDrcUpOsdInfoPush' channel
2026-04-02 10:41:35.616  INFO 73780 --- [SpringApplicationShutdownHook] o.s.integration.channel.DirectChannel    : Channel 'cloud-api-sample.inboundDrcUpOsdInfoPush' has 0 subscriber(s).
2026-04-02 10:41:35.616  INFO 73780 --- [SpringApplicationShutdownHook] o.s.i.endpoint.EventDrivenConsumer       : stopped bean 'SDKControlService.osdInfoPush.serviceActivator'
2026-04-02 10:41:35.616  INFO 73780 --- [SpringApplicationShutdownHook] o.s.i.endpoint.EventDrivenConsumer       : Removing {service-activator:SDKControlService.heartBeatUp.serviceActivator} as a subscriber to the 'inboundDrcUpHeartBeat' channel
2026-04-02 10:41:35.616  INFO 73780 --- [SpringApplicationShutdownHook] o.s.integration.channel.DirectChannel    : Channel 'cloud-api-sample.inboundDrcUpHeartBeat' has 0 subscriber(s).
2026-04-02 10:41:35.616  INFO 73780 --- [SpringApplicationShutdownHook] o.s.i.endpoint.EventDrivenConsumer       : stopped bean 'SDKControlService.heartBeatUp.serviceActivator'
2026-04-02 10:41:35.616  INFO 73780 --- [SpringApplicationShutdownHook] o.s.i.endpoint.EventDrivenConsumer       : Removing {service-activator:SDKControlService.droneControlUp.serviceActivator} as a subscriber to the 'inboundDrcUpDroneControl' channel
2026-04-02 10:41:35.616  INFO 73780 --- [SpringApplicationShutdownHook] o.s.integration.channel.DirectChannel    : Channel 'cloud-api-sample.inboundDrcUpDroneControl' has 0 subscriber(s).
2026-04-02 10:41:35.616  INFO 73780 --- [SpringApplicationShutdownHook] o.s.i.endpoint.EventDrivenConsumer       : stopped bean 'SDKControlService.droneControlUp.serviceActivator'
2026-04-02 10:41:35.616  INFO 73780 --- [SpringApplicationShutdownHook] o.s.i.endpoint.EventDrivenConsumer       : Removing {service-activator:SDKControlService.hsiInfoPush.serviceActivator} as a subscriber to the 'inboundDrcUpHsiInfoPush' channel
2026-04-02 10:41:35.617  INFO 73780 --- [SpringApplicationShutdownHook] o.s.integration.channel.DirectChannel    : Channel 'cloud-api-sample.inboundDrcUpHsiInfoPush' has 0 subscriber(s).
2026-04-02 10:41:35.617  INFO 73780 --- [SpringApplicationShutdownHook] o.s.i.endpoint.EventDrivenConsumer       : stopped bean 'SDKControlService.hsiInfoPush.serviceActivator'
2026-04-02 10:41:35.617  INFO 73780 --- [SpringApplicationShutdownHook] o.s.i.endpoint.EventDrivenConsumer       : Removing {service-activator:SDKControlService.flyToPointProgress.serviceActivator} as a subscriber to the 'inboundEventsFlyToPointProgress' channel
2026-04-02 10:41:35.617  INFO 73780 --- [SpringApplicationShutdownHook] o.s.integration.channel.DirectChannel    : Channel 'cloud-api-sample.inboundEventsFlyToPointProgress' has 0 subscriber(s).
2026-04-02 10:41:35.618  INFO 73780 --- [SpringApplicationShutdownHook] o.s.i.endpoint.EventDrivenConsumer       : stopped bean 'SDKControlService.flyToPointProgress.serviceActivator'
2026-04-02 10:41:35.618  INFO 73780 --- [SpringApplicationShutdownHook] o.s.i.endpoint.EventDrivenConsumer       : Removing {service-activator:SDKControlService.drcStatusNotify.serviceActivator} as a subscriber to the 'inboundEventsDrcStatusNotify' channel
2026-04-02 10:41:35.618  INFO 73780 --- [SpringApplicationShutdownHook] o.s.integration.channel.DirectChannel    : Channel 'cloud-api-sample.inboundEventsDrcStatusNotify' has 0 subscriber(s).
2026-04-02 10:41:35.618  INFO 73780 --- [SpringApplicationShutdownHook] o.s.i.endpoint.EventDrivenConsumer       : stopped bean 'SDKControlService.drcStatusNotify.serviceActivator'
2026-04-02 10:41:35.618  INFO 73780 --- [SpringApplicationShutdownHook] o.s.i.endpoint.EventDrivenConsumer       : Removing {service-activator:SDKControlService.takeoffToPointProgress.serviceActivator} as a subscriber to the 'inboundEventsTakeoffToPointProgress' channel
2026-04-02 10:41:35.619  INFO 73780 --- [SpringApplicationShutdownHook] o.s.integration.channel.DirectChannel    : Channel 'cloud-api-sample.inboundEventsTakeoffToPointProgress' has 0 subscriber(s).
2026-04-02 10:41:35.619  INFO 73780 --- [SpringApplicationShutdownHook] o.s.i.endpoint.EventDrivenConsumer       : stopped bean 'SDKControlService.takeoffToPointProgress.serviceActivator'
2026-04-02 10:41:35.619  INFO 73780 --- [SpringApplicationShutdownHook] o.s.i.endpoint.EventDrivenConsumer       : Removing {service-activator:SDKControlService.joystickInvalidNotify.serviceActivator} as a subscriber to the 'inboundEventsJoystickInvalidNotify' channel
2026-04-02 10:41:35.619  INFO 73780 --- [SpringApplicationShutdownHook] o.s.integration.channel.DirectChannel    : Channel 'cloud-api-sample.inboundEventsJoystickInvalidNotify' has 0 subscriber(s).
2026-04-02 10:41:35.620  INFO 73780 --- [SpringApplicationShutdownHook] o.s.i.endpoint.EventDrivenConsumer       : stopped bean 'SDKControlService.joystickInvalidNotify.serviceActivator'
2026-04-02 10:41:35.620  INFO 73780 --- [SpringApplicationShutdownHook] o.s.i.endpoint.EventDrivenConsumer       : Removing {service-activator:SDKControlService.cameraPhotoTakeProgress.serviceActivator} as a subscriber to the 'inboundEventsCameraPhotoTakeProgress' channel
2026-04-02 10:41:35.620  INFO 73780 --- [SpringApplicationShutdownHook] o.s.integration.channel.DirectChannel    : Channel 'cloud-api-sample.inboundEventsCameraPhotoTakeProgress' has 0 subscriber(s).
2026-04-02 10:41:35.620  INFO 73780 --- [SpringApplicationShutdownHook] o.s.i.endpoint.EventDrivenConsumer       : stopped bean 'SDKControlService.cameraPhotoTakeProgress.serviceActivator'
2026-04-02 10:41:35.620  INFO 73780 --- [SpringApplicationShutdownHook] o.s.i.endpoint.EventDrivenConsumer       : Removing {service-activator:SDKControlService.droneEmergencyStopUp.serviceActivator} as a subscriber to the 'inboundDrcUpDroneEmergencyStop' channel
2026-04-02 10:41:35.620  INFO 73780 --- [SpringApplicationShutdownHook] o.s.integration.channel.DirectChannel    : Channel 'cloud-api-sample.inboundDrcUpDroneEmergencyStop' has 0 subscriber(s).
2026-04-02 10:41:35.621  INFO 73780 --- [SpringApplicationShutdownHook] o.s.i.endpoint.EventDrivenConsumer       : stopped bean 'SDKControlService.droneEmergencyStopUp.serviceActivator'
2026-04-02 10:41:35.621  INFO 73780 --- [SpringApplicationShutdownHook] o.s.i.endpoint.EventDrivenConsumer       : Removing {service-activator:SDKRemoteDebug.remoteDebugProgress.serviceActivator} as a subscriber to the 'inboundEventsControlProgress' channel
2026-04-02 10:41:35.621  INFO 73780 --- [SpringApplicationShutdownHook] o.s.integration.channel.DirectChannel    : Channel 'cloud-api-sample.inboundEventsControlProgress' has 0 subscriber(s).
2026-04-02 10:41:35.621  INFO 73780 --- [SpringApplicationShutdownHook] o.s.i.endpoint.EventDrivenConsumer       : stopped bean 'SDKRemoteDebug.remoteDebugProgress.serviceActivator'
2026-04-02 10:41:35.621  INFO 73780 --- [SpringApplicationShutdownHook] o.s.i.endpoint.EventDrivenConsumer       : Removing {service-activator:mediaServiceImplDf.fileUploadCallback.serviceActivator} as a subscriber to the 'inboundEventsFileUploadCallback' channel
2026-04-02 10:41:35.621  INFO 73780 --- [SpringApplicationShutdownHook] o.s.integration.channel.DirectChannel    : Channel 'cloud-api-sample.inboundEventsFileUploadCallback' has 1 subscriber(s).
2026-04-02 10:41:35.621  INFO 73780 --- [SpringApplicationShutdownHook] o.s.i.endpoint.EventDrivenConsumer       : stopped bean 'mediaServiceImplDf.fileUploadCallback.serviceActivator'
2026-04-02 10:41:35.622  INFO 73780 --- [SpringApplicationShutdownHook] o.s.i.endpoint.EventDrivenConsumer       : Removing {service-activator:mediaServiceImplDf.storageConfigGet.serviceActivator} as a subscriber to the 'inboundRequestsStorageConfigGet' channel
2026-04-02 10:41:35.622  INFO 73780 --- [SpringApplicationShutdownHook] o.s.integration.channel.DirectChannel    : Channel 'cloud-api-sample.inboundRequestsStorageConfigGet' has 1 subscriber(s).
2026-04-02 10:41:35.622  INFO 73780 --- [SpringApplicationShutdownHook] o.s.i.endpoint.EventDrivenConsumer       : stopped bean 'mediaServiceImplDf.storageConfigGet.serviceActivator'
2026-04-02 10:41:35.622  INFO 73780 --- [SpringApplicationShutdownHook] o.s.i.endpoint.EventDrivenConsumer       : Removing {service-activator:mediaServiceImplDf.highestPriorityUploadFlightTaskMedia.serviceActivator} as a subscriber to the 'inboundEventsHighestPriorityUploadFlightTaskMedia' channel
2026-04-02 10:41:35.623  INFO 73780 --- [SpringApplicationShutdownHook] o.s.integration.channel.DirectChannel    : Channel 'cloud-api-sample.inboundEventsHighestPriorityUploadFlightTaskMedia' has 1 subscriber(s).
2026-04-02 10:41:35.623  INFO 73780 --- [SpringApplicationShutdownHook] o.s.i.endpoint.EventDrivenConsumer       : stopped bean 'mediaServiceImplDf.highestPriorityUploadFlightTaskMedia.serviceActivator'
2026-04-02 10:41:35.623  INFO 73780 --- [SpringApplicationShutdownHook] o.s.i.endpoint.EventDrivenConsumer       : Removing {service-activator:SDKLivestreamService.rcLivestreamAbilityUpdate.serviceActivator} as a subscriber to the 'inboundStateRcLiveCapacity' channel
2026-04-02 10:41:35.623  INFO 73780 --- [SpringApplicationShutdownHook] o.s.integration.channel.DirectChannel    : Channel 'cloud-api-sample.inboundStateRcLiveCapacity' has 0 subscriber(s).
2026-04-02 10:41:35.624  INFO 73780 --- [SpringApplicationShutdownHook] o.s.i.endpoint.EventDrivenConsumer       : stopped bean 'SDKLivestreamService.rcLivestreamAbilityUpdate.serviceActivator'
2026-04-02 10:41:35.624  INFO 73780 --- [SpringApplicationShutdownHook] o.s.i.endpoint.EventDrivenConsumer       : Removing {service-activator:SDKLivestreamService.dockLivestreamAbilityUpdate.serviceActivator} as a subscriber to the 'inboundStateDockLiveCapacity' channel
2026-04-02 10:41:35.624  INFO 73780 --- [SpringApplicationShutdownHook] o.s.integration.channel.DirectChannel    : Channel 'cloud-api-sample.inboundStateDockLiveCapacity' has 0 subscriber(s).
2026-04-02 10:41:35.624  INFO 73780 --- [SpringApplicationShutdownHook] o.s.i.endpoint.EventDrivenConsumer       : stopped bean 'SDKLivestreamService.dockLivestreamAbilityUpdate.serviceActivator'
2026-04-02 10:41:35.624  INFO 73780 --- [SpringApplicationShutdownHook] o.s.i.endpoint.EventDrivenConsumer       : Removing {service-activator:deviceHmsServiceImpl.hms.serviceActivator} as a subscriber to the 'inboundEventsHms' channel
2026-04-02 10:41:35.624  INFO 73780 --- [SpringApplicationShutdownHook] o.s.integration.channel.DirectChannel    : Channel 'cloud-api-sample.inboundEventsHms' has 0 subscriber(s).
2026-04-02 10:41:35.625  INFO 73780 --- [SpringApplicationShutdownHook] o.s.i.endpoint.EventDrivenConsumer       : stopped bean 'deviceHmsServiceImpl.hms.serviceActivator'
2026-04-02 10:41:35.625  INFO 73780 --- [SpringApplicationShutdownHook] o.s.i.endpoint.EventDrivenConsumer       : Removing {service-activator:storageServiceImpl.fileUploadCallback.serviceActivator} as a subscriber to the 'inboundEventsFileUploadCallback' channel
2026-04-02 10:41:35.625  INFO 73780 --- [SpringApplicationShutdownHook] o.s.integration.channel.DirectChannel    : Channel 'cloud-api-sample.inboundEventsFileUploadCallback' has 0 subscriber(s).
2026-04-02 10:41:35.625  INFO 73780 --- [SpringApplicationShutdownHook] o.s.i.endpoint.EventDrivenConsumer       : stopped bean 'storageServiceImpl.fileUploadCallback.serviceActivator'
2026-04-02 10:41:35.625  INFO 73780 --- [SpringApplicationShutdownHook] o.s.i.endpoint.EventDrivenConsumer       : Removing {service-activator:storageServiceImpl.storageConfigGet.serviceActivator} as a subscriber to the 'inboundRequestsStorageConfigGet' channel
2026-04-02 10:41:35.626  INFO 73780 --- [SpringApplicationShutdownHook] o.s.integration.channel.DirectChannel    : Channel 'cloud-api-sample.inboundRequestsStorageConfigGet' has 0 subscriber(s).
2026-04-02 10:41:35.626  INFO 73780 --- [SpringApplicationShutdownHook] o.s.i.endpoint.EventDrivenConsumer       : stopped bean 'storageServiceImpl.storageConfigGet.serviceActivator'
2026-04-02 10:41:35.626  INFO 73780 --- [SpringApplicationShutdownHook] o.s.i.endpoint.EventDrivenConsumer       : Removing {service-activator:storageServiceImpl.highestPriorityUploadFlightTaskMedia.serviceActivator} as a subscriber to the 'inboundEventsHighestPriorityUploadFlightTaskMedia' channel
2026-04-02 10:41:35.626  INFO 73780 --- [SpringApplicationShutdownHook] o.s.integration.channel.DirectChannel    : Channel 'cloud-api-sample.inboundEventsHighestPriorityUploadFlightTaskMedia' has 0 subscriber(s).
2026-04-02 10:41:35.626  INFO 73780 --- [SpringApplicationShutdownHook] o.s.i.endpoint.EventDrivenConsumer       : stopped bean 'storageServiceImpl.highestPriorityUploadFlightTaskMedia.serviceActivator'
2026-04-02 10:41:35.626  INFO 73780 --- [SpringApplicationShutdownHook] o.s.i.endpoint.EventDrivenConsumer       : Removing {service-activator:SDKLogService.fileuploadProgress.serviceActivator} as a subscriber to the 'inboundEventsFileUploadProgress' channel
2026-04-02 10:41:35.626  INFO 73780 --- [SpringApplicationShutdownHook] o.s.integration.channel.DirectChannel    : Channel 'cloud-api-sample.inboundEventsFileUploadProgress' has 1 subscriber(s).
2026-04-02 10:41:35.627  INFO 73780 --- [SpringApplicationShutdownHook] o.s.i.endpoint.EventDrivenConsumer       : stopped bean 'SDKLogService.fileuploadProgress.serviceActivator'
2026-04-02 10:41:35.627  INFO 73780 --- [SpringApplicationShutdownHook] o.s.i.endpoint.EventDrivenConsumer       : Removing {service-activator:deviceLogsServiceImpl.fileuploadProgress.serviceActivator} as a subscriber to the 'inboundEventsFileUploadProgress' channel
2026-04-02 10:41:35.627  INFO 73780 --- [SpringApplicationShutdownHook] o.s.integration.channel.DirectChannel    : Channel 'cloud-api-sample.inboundEventsFileUploadProgress' has 0 subscriber(s).
2026-04-02 10:41:35.627  INFO 73780 --- [SpringApplicationShutdownHook] o.s.i.endpoint.EventDrivenConsumer       : stopped bean 'deviceLogsServiceImpl.fileuploadProgress.serviceActivator'
2026-04-02 10:41:35.627  INFO 73780 --- [SpringApplicationShutdownHook] o.s.i.endpoint.EventDrivenConsumer       : Removing {service-activator:requestConfigContext.requestsConfig.serviceActivator} as a subscriber to the 'inboundRequestsConfig' channel
2026-04-02 10:41:35.627  INFO 73780 --- [SpringApplicationShutdownHook] o.s.integration.channel.DirectChannel    : Channel 'cloud-api-sample.inboundRequestsConfig' has 0 subscriber(s).
2026-04-02 10:41:35.627  INFO 73780 --- [SpringApplicationShutdownHook] o.s.i.endpoint.EventDrivenConsumer       : stopped bean 'requestConfigContext.requestsConfig.serviceActivator'
2026-04-02 10:41:35.627  INFO 73780 --- [SpringApplicationShutdownHook] o.s.i.endpoint.EventDrivenConsumer       : Removing {service-activator:SDKDeviceService.updateTopoOffline.serviceActivator} as a subscriber to the 'inboundStatusOffline' channel
2026-04-02 10:41:35.627  INFO 73780 --- [SpringApplicationShutdownHook] o.s.integration.channel.DirectChannel    : Channel 'cloud-api-sample.inboundStatusOffline' has 0 subscriber(s).
2026-04-02 10:41:35.628  INFO 73780 --- [SpringApplicationShutdownHook] o.s.i.endpoint.EventDrivenConsumer       : stopped bean 'SDKDeviceService.updateTopoOffline.serviceActivator'
2026-04-02 10:41:35.628  INFO 73780 --- [SpringApplicationShutdownHook] o.s.i.endpoint.EventDrivenConsumer       : Removing {service-activator:SDKDeviceService.updateTopoOnline.serviceActivator} as a subscriber to the 'inboundStatusOnline' channel
2026-04-02 10:41:35.628  INFO 73780 --- [SpringApplicationShutdownHook] o.s.integration.channel.DirectChannel    : Channel 'cloud-api-sample.inboundStatusOnline' has 0 subscriber(s).
2026-04-02 10:41:35.628  INFO 73780 --- [SpringApplicationShutdownHook] o.s.i.endpoint.EventDrivenConsumer       : stopped bean 'SDKDeviceService.updateTopoOnline.serviceActivator'
2026-04-02 10:41:35.628  INFO 73780 --- [SpringApplicationShutdownHook] o.s.i.endpoint.EventDrivenConsumer       : Removing {service-activator:SDKDeviceService.osdDockDrone.serviceActivator} as a subscriber to the 'inboundOsdDockDrone' channel
2026-04-02 10:41:35.628  INFO 73780 --- [SpringApplicationShutdownHook] o.s.integration.channel.DirectChannel    : Channel 'cloud-api-sample.inboundOsdDockDrone' has 0 subscriber(s).
2026-04-02 10:41:35.628  INFO 73780 --- [SpringApplicationShutdownHook] o.s.i.endpoint.EventDrivenConsumer       : stopped bean 'SDKDeviceService.osdDockDrone.serviceActivator'
2026-04-02 10:41:35.628  INFO 73780 --- [SpringApplicationShutdownHook] o.s.i.endpoint.EventDrivenConsumer       : Removing {service-activator:SDKDeviceService.osdRcDrone.serviceActivator} as a subscriber to the 'inboundOsdRcDrone' channel
2026-04-02 10:41:35.628  INFO 73780 --- [SpringApplicationShutdownHook] o.s.integration.channel.DirectChannel    : Channel 'cloud-api-sample.inboundOsdRcDrone' has 0 subscriber(s).
2026-04-02 10:41:35.629  INFO 73780 --- [SpringApplicationShutdownHook] o.s.i.endpoint.EventDrivenConsumer       : stopped bean 'SDKDeviceService.osdRcDrone.serviceActivator'
2026-04-02 10:41:35.629  INFO 73780 --- [SpringApplicationShutdownHook] o.s.i.endpoint.EventDrivenConsumer       : Removing {service-activator:SDKDeviceService.osdRemoteControl.serviceActivator} as a subscriber to the 'inboundOsdRc' channel
2026-04-02 10:41:35.629  INFO 73780 --- [SpringApplicationShutdownHook] o.s.integration.channel.DirectChannel    : Channel 'cloud-api-sample.inboundOsdRc' has 0 subscriber(s).
2026-04-02 10:41:35.632  INFO 73780 --- [SpringApplicationShutdownHook] o.s.i.endpoint.EventDrivenConsumer       : stopped bean 'SDKDeviceService.osdRemoteControl.serviceActivator'
2026-04-02 10:41:35.633  INFO 73780 --- [SpringApplicationShutdownHook] o.s.i.endpoint.EventDrivenConsumer       : Removing {service-activator:SDKDeviceService.rcLiveStatusUpdate.serviceActivator} as a subscriber to the 'inboundStateRcLiveStatus' channel
2026-04-02 10:41:35.633  INFO 73780 --- [SpringApplicationShutdownHook] o.s.integration.channel.DirectChannel    : Channel 'cloud-api-sample.inboundStateRcLiveStatus' has 0 subscriber(s).
2026-04-02 10:41:35.633  INFO 73780 --- [SpringApplicationShutdownHook] o.s.i.endpoint.EventDrivenConsumer       : stopped bean 'SDKDeviceService.rcLiveStatusUpdate.serviceActivator'
2026-04-02 10:41:35.634  INFO 73780 --- [SpringApplicationShutdownHook] o.s.i.endpoint.EventDrivenConsumer       : Removing {service-activator:SDKDeviceService.dongleInfos.serviceActivator} as a subscriber to the 'inboundStateDockAndDroneDongleInfos' channel
2026-04-02 10:41:35.634  INFO 73780 --- [SpringApplicationShutdownHook] o.s.integration.channel.DirectChannel    : Channel 'cloud-api-sample.inboundStateDockAndDroneDongleInfos' has 0 subscriber(s).
2026-04-02 10:41:35.634  INFO 73780 --- [SpringApplicationShutdownHook] o.s.i.endpoint.EventDrivenConsumer       : stopped bean 'SDKDeviceService.dongleInfos.serviceActivator'
2026-04-02 10:41:35.634  INFO 73780 --- [SpringApplicationShutdownHook] o.s.i.endpoint.EventDrivenConsumer       : Removing {service-activator:SDKDeviceService.dockSilentMode.serviceActivator} as a subscriber to the 'inboundStateDockSilentMode' channel
2026-04-02 10:41:35.642  INFO 73780 --- [SpringApplicationShutdownHook] o.s.integration.channel.DirectChannel    : Channel 'cloud-api-sample.inboundStateDockSilentMode' has 0 subscriber(s).
2026-04-02 10:41:35.642  INFO 73780 --- [SpringApplicationShutdownHook] o.s.i.endpoint.EventDrivenConsumer       : stopped bean 'SDKDeviceService.dockSilentMode.serviceActivator'
2026-04-02 10:41:35.642  INFO 73780 --- [SpringApplicationShutdownHook] o.s.i.endpoint.EventDrivenConsumer       : Removing {service-activator:SDKDeviceService.dockDroneRthMode.serviceActivator} as a subscriber to the 'inboundStateDockDroneRthMode' channel
2026-04-02 10:41:35.642  INFO 73780 --- [SpringApplicationShutdownHook] o.s.integration.channel.DirectChannel    : Channel 'cloud-api-sample.inboundStateDockDroneRthMode' has 0 subscriber(s).
2026-04-02 10:41:35.642  INFO 73780 --- [SpringApplicationShutdownHook] o.s.i.endpoint.EventDrivenConsumer       : stopped bean 'SDKDeviceService.dockDroneRthMode.serviceActivator'
2026-04-02 10:41:35.642  INFO 73780 --- [SpringApplicationShutdownHook] o.s.i.endpoint.EventDrivenConsumer       : Removing {service-activator:SDKDeviceService.osdDock.serviceActivator} as a subscriber to the 'inboundOsdDock' channel
2026-04-02 10:41:35.643  INFO 73780 --- [SpringApplicationShutdownHook] o.s.integration.channel.DirectChannel    : Channel 'cloud-api-sample.inboundOsdDock' has 0 subscriber(s).
2026-04-02 10:41:35.643  INFO 73780 --- [SpringApplicationShutdownHook] o.s.i.endpoint.EventDrivenConsumer       : stopped bean 'SDKDeviceService.osdDock.serviceActivator'
2026-04-02 10:41:35.643  INFO 73780 --- [SpringApplicationShutdownHook] o.s.i.endpoint.EventDrivenConsumer       : Removing {service-activator:SDKDeviceService.dockControlSourceUpdate.serviceActivator} as a subscriber to the 'inboundStateDockControlSource' channel
2026-04-02 10:41:35.643  INFO 73780 --- [SpringApplicationShutdownHook] o.s.integration.channel.DirectChannel    : Channel 'cloud-api-sample.inboundStateDockControlSource' has 0 subscriber(s).
2026-04-02 10:41:35.643  INFO 73780 --- [SpringApplicationShutdownHook] o.s.i.endpoint.EventDrivenConsumer       : stopped bean 'SDKDeviceService.dockControlSourceUpdate.serviceActivator'
2026-04-02 10:41:35.643  INFO 73780 --- [SpringApplicationShutdownHook] o.s.i.endpoint.EventDrivenConsumer       : Removing {service-activator:SDKDeviceService.dockLiveStatusUpdate.serviceActivator} as a subscriber to the 'inboundStateDockLiveStatus' channel
2026-04-02 10:41:35.643  INFO 73780 --- [SpringApplicationShutdownHook] o.s.integration.channel.DirectChannel    : Channel 'cloud-api-sample.inboundStateDockLiveStatus' has 0 subscriber(s).
2026-04-02 10:41:35.643  INFO 73780 --- [SpringApplicationShutdownHook] o.s.i.endpoint.EventDrivenConsumer       : stopped bean 'SDKDeviceService.dockLiveStatusUpdate.serviceActivator'
2026-04-02 10:41:35.643  INFO 73780 --- [SpringApplicationShutdownHook] o.s.i.endpoint.EventDrivenConsumer       : Removing {service-activator:SDKDeviceService.dockWpmzVersionUpdate.serviceActivator} as a subscriber to the 'inboundStateDockDroneWpmzVersion' channel
2026-04-02 10:41:35.643  INFO 73780 --- [SpringApplicationShutdownHook] o.s.integration.channel.DirectChannel    : Channel 'cloud-api-sample.inboundStateDockDroneWpmzVersion' has 0 subscriber(s).
2026-04-02 10:41:35.644  INFO 73780 --- [SpringApplicationShutdownHook] o.s.i.endpoint.EventDrivenConsumer       : stopped bean 'SDKDeviceService.dockWpmzVersionUpdate.serviceActivator'
2026-04-02 10:41:35.648  INFO 73780 --- [SpringApplicationShutdownHook] o.s.i.endpoint.EventDrivenConsumer       : Removing {service-activator:SDKDeviceService.dockThermalSupportedPaletteStyle.serviceActivator} as a subscriber to the 'inboundStateDockDronePayload' channel
2026-04-02 10:41:35.649  INFO 73780 --- [SpringApplicationShutdownHook] o.s.integration.channel.DirectChannel    : Channel 'cloud-api-sample.inboundStateDockDronePayload' has 0 subscriber(s).
2026-04-02 10:41:35.649  INFO 73780 --- [SpringApplicationShutdownHook] o.s.i.endpoint.EventDrivenConsumer       : stopped bean 'SDKDeviceService.dockThermalSupportedPaletteStyle.serviceActivator'
2026-04-02 10:41:35.649  INFO 73780 --- [SpringApplicationShutdownHook] o.s.i.endpoint.EventDrivenConsumer       : Removing {service-activator:SDKDeviceService.rcPayloadFirmwareVersionUpdate.serviceActivator} as a subscriber to the 'inboundStateRcPayloadFirmware' channel
2026-04-02 10:41:35.649  INFO 73780 --- [SpringApplicationShutdownHook] o.s.integration.channel.DirectChannel    : Channel 'cloud-api-sample.inboundStateRcPayloadFirmware' has 0 subscriber(s).
2026-04-02 10:41:35.649  INFO 73780 --- [SpringApplicationShutdownHook] o.s.i.endpoint.EventDrivenConsumer       : stopped bean 'SDKDeviceService.rcPayloadFirmwareVersionUpdate.serviceActivator'
2026-04-02 10:41:35.649  INFO 73780 --- [SpringApplicationShutdownHook] o.s.i.endpoint.EventDrivenConsumer       : Removing {service-activator:SDKDeviceService.rcAndDroneFirmwareVersionUpdate.serviceActivator} as a subscriber to the 'inboundStateRcAndDroneFirmwareVersion' channel
2026-04-02 10:41:35.649  INFO 73780 --- [SpringApplicationShutdownHook] o.s.integration.channel.DirectChannel    : Channel 'cloud-api-sample.inboundStateRcAndDroneFirmwareVersion' has 0 subscriber(s).
2026-04-02 10:41:35.649  INFO 73780 --- [SpringApplicationShutdownHook] o.s.i.endpoint.EventDrivenConsumer       : stopped bean 'SDKDeviceService.rcAndDroneFirmwareVersionUpdate.serviceActivator'
2026-04-02 10:41:35.651  INFO 73780 --- [SpringApplicationShutdownHook] o.s.i.endpoint.EventDrivenConsumer       : Removing {service-activator:SDKDeviceService.dockDroneCurrentRthMode.serviceActivator} as a subscriber to the 'inboundStateDockDroneCurrentRthMode' channel
2026-04-02 10:41:35.651  INFO 73780 --- [SpringApplicationShutdownHook] o.s.integration.channel.DirectChannel    : Channel 'cloud-api-sample.inboundStateDockDroneCurrentRthMode' has 0 subscriber(s).
2026-04-02 10:41:35.651  INFO 73780 --- [SpringApplicationShutdownHook] o.s.i.endpoint.EventDrivenConsumer       : stopped bean 'SDKDeviceService.dockDroneCurrentRthMode.serviceActivator'
2026-04-02 10:41:35.651  INFO 73780 --- [SpringApplicationShutdownHook] o.s.i.endpoint.EventDrivenConsumer       : Removing {service-activator:SDKDeviceService.dockDroneCommanderModeLostAction.serviceActivator} as a subscriber to the 'inboundStateDockDroneCommanderModeLostAction' channel
2026-04-02 10:41:35.651  INFO 73780 --- [SpringApplicationShutdownHook] o.s.integration.channel.DirectChannel    : Channel 'cloud-api-sample.inboundStateDockDroneCommanderModeLostAction' has 0 subscriber(s).
2026-04-02 10:41:35.651  INFO 73780 --- [SpringApplicationShutdownHook] o.s.i.endpoint.EventDrivenConsumer       : stopped bean 'SDKDeviceService.dockDroneCommanderModeLostAction.serviceActivator'
2026-04-02 10:41:35.658  INFO 73780 --- [SpringApplicationShutdownHook] o.s.i.endpoint.EventDrivenConsumer       : Removing {service-activator:SDKDeviceService.rcControlSourceUpdate.serviceActivator} as a subscriber to the 'inboundStateRcControlSource' channel
2026-04-02 10:41:35.658  INFO 73780 --- [SpringApplicationShutdownHook] o.s.integration.channel.DirectChannel    : Channel 'cloud-api-sample.inboundStateRcControlSource' has 0 subscriber(s).
2026-04-02 10:41:35.658  INFO 73780 --- [SpringApplicationShutdownHook] o.s.i.endpoint.EventDrivenConsumer       : stopped bean 'SDKDeviceService.rcControlSourceUpdate.serviceActivator'
2026-04-02 10:41:35.659  INFO 73780 --- [SpringApplicationShutdownHook] o.s.i.endpoint.EventDrivenConsumer       : Removing {service-activator:SDKDeviceService.dockFirmwareVersionUpdate.serviceActivator} as a subscriber to the 'inboundStateDockFirmwareVersion' channel
2026-04-02 10:41:35.661  INFO 73780 --- [SpringApplicationShutdownHook] o.s.integration.channel.DirectChannel    : Channel 'cloud-api-sample.inboundStateDockFirmwareVersion' has 0 subscriber(s).
2026-04-02 10:41:35.671  INFO 73780 --- [SpringApplicationShutdownHook] o.s.i.endpoint.EventDrivenConsumer       : stopped bean 'SDKDeviceService.dockFirmwareVersionUpdate.serviceActivator'
2026-04-02 10:41:35.672  INFO 73780 --- [SpringApplicationShutdownHook] o.s.i.endpoint.EventDrivenConsumer       : Removing {service-activator:SDKDeviceService.dockDroneCommanderFlightHeight.serviceActivator} as a subscriber to the 'inboundStateDockDroneCommanderFlightHeight' channel
2026-04-02 10:41:35.672  INFO 73780 --- [SpringApplicationShutdownHook] o.s.integration.channel.DirectChannel    : Channel 'cloud-api-sample.inboundStateDockDroneCommanderFlightHeight' has 0 subscriber(s).
2026-04-02 10:41:35.672  INFO 73780 --- [SpringApplicationShutdownHook] o.s.i.endpoint.EventDrivenConsumer       : stopped bean 'SDKDeviceService.dockDroneCommanderFlightHeight.serviceActivator'
2026-04-02 10:41:35.672  INFO 73780 --- [SpringApplicationShutdownHook] o.s.i.endpoint.EventDrivenConsumer       : Removing {service-activator:SDKDeviceService.dockDroneModeCodeReason.serviceActivator} as a subscriber to the 'inboundStateDockDroneModeCodeReason' channel
2026-04-02 10:41:35.673  INFO 73780 --- [SpringApplicationShutdownHook] o.s.integration.channel.DirectChannel    : Channel 'cloud-api-sample.inboundStateDockDroneModeCodeReason' has 0 subscriber(s).
2026-04-02 10:41:35.673  INFO 73780 --- [SpringApplicationShutdownHook] o.s.i.endpoint.EventDrivenConsumer       : stopped bean 'SDKDeviceService.dockDroneModeCodeReason.serviceActivator'
2026-04-02 10:41:35.673  INFO 73780 --- [SpringApplicationShutdownHook] o.s.i.endpoint.EventDrivenConsumer       : Removing {service-activator:SDKDeviceService.dockDroneCurrentCommanderFlightMode.serviceActivator} as a subscriber to the 'inboundStateDockDroneCurrentCommanderFlightMode' channel
2026-04-02 10:41:35.673  INFO 73780 --- [SpringApplicationShutdownHook] o.s.integration.channel.DirectChannel    : Channel 'cloud-api-sample.inboundStateDockDroneCurrentCommanderFlightMode' has 0 subscriber(s).
2026-04-02 10:41:35.673  INFO 73780 --- [SpringApplicationShutdownHook] o.s.i.endpoint.EventDrivenConsumer       : stopped bean 'SDKDeviceService.dockDroneCurrentCommanderFlightMode.serviceActivator'
2026-04-02 10:41:35.675  INFO 73780 --- [SpringApplicationShutdownHook] o.s.i.endpoint.EventDrivenConsumer       : Removing {service-activator:SDKOrganizationService.airportBindStatus.serviceActivator} as a subscriber to the 'inboundRequestsAirportBindStatus' channel
2026-04-02 10:41:35.696  INFO 73780 --- [SpringApplicationShutdownHook] o.s.integration.channel.DirectChannel    : Channel 'cloud-api-sample.inboundRequestsAirportBindStatus' has 0 subscriber(s).
2026-04-02 10:41:35.696  INFO 73780 --- [SpringApplicationShutdownHook] o.s.i.endpoint.EventDrivenConsumer       : stopped bean 'SDKOrganizationService.airportBindStatus.serviceActivator'
2026-04-02 10:41:35.696  INFO 73780 --- [SpringApplicationShutdownHook] o.s.i.endpoint.EventDrivenConsumer       : Removing {service-activator:SDKOrganizationService.airportOrganizationBind.serviceActivator} as a subscriber to the 'inboundRequestsAirportOrganizationBind' channel
2026-04-02 10:41:35.696  INFO 73780 --- [SpringApplicationShutdownHook] o.s.integration.channel.DirectChannel    : Channel 'cloud-api-sample.inboundRequestsAirportOrganizationBind' has 0 subscriber(s).
2026-04-02 10:41:35.696  INFO 73780 --- [SpringApplicationShutdownHook] o.s.i.endpoint.EventDrivenConsumer       : stopped bean 'SDKOrganizationService.airportOrganizationBind.serviceActivator'
2026-04-02 10:41:35.696  INFO 73780 --- [SpringApplicationShutdownHook] o.s.i.endpoint.EventDrivenConsumer       : Removing {service-activator:SDKOrganizationService.airportOrganizationGet.serviceActivator} as a subscriber to the 'inboundRequestsAirportOrganizationGet' channel
2026-04-02 10:41:35.696  INFO 73780 --- [SpringApplicationShutdownHook] o.s.integration.channel.DirectChannel    : Channel 'cloud-api-sample.inboundRequestsAirportOrganizationGet' has 0 subscriber(s).
2026-04-02 10:41:35.697  INFO 73780 --- [SpringApplicationShutdownHook] o.s.i.endpoint.EventDrivenConsumer       : stopped bean 'SDKOrganizationService.airportOrganizationGet.serviceActivator'
2026-04-02 10:41:35.697  INFO 73780 --- [SpringApplicationShutdownHook] o.s.i.endpoint.EventDrivenConsumer       : Removing {service-activator:SDKFlightAreaService.flightAreasSyncProgress.serviceActivator} as a subscriber to the 'inboundEventsFlightAreasSyncProgress' channel
2026-04-02 10:41:35.697  INFO 73780 --- [SpringApplicationShutdownHook] o.s.integration.channel.DirectChannel    : Channel 'cloud-api-sample.inboundEventsFlightAreasSyncProgress' has 1 subscriber(s).
2026-04-02 10:41:35.697  INFO 73780 --- [SpringApplicationShutdownHook] o.s.i.endpoint.EventDrivenConsumer       : stopped bean 'SDKFlightAreaService.flightAreasSyncProgress.serviceActivator'
2026-04-02 10:41:35.697  INFO 73780 --- [SpringApplicationShutdownHook] o.s.i.endpoint.EventDrivenConsumer       : Removing {service-activator:SDKFlightAreaService.flightAreasDroneLocation.serviceActivator} as a subscriber to the 'inboundEventsFlightAreasDroneLocation' channel
2026-04-02 10:41:35.697  INFO 73780 --- [SpringApplicationShutdownHook] o.s.integration.channel.DirectChannel    : Channel 'cloud-api-sample.inboundEventsFlightAreasDroneLocation' has 1 subscriber(s).
2026-04-02 10:41:35.697  INFO 73780 --- [SpringApplicationShutdownHook] o.s.i.endpoint.EventDrivenConsumer       : stopped bean 'SDKFlightAreaService.flightAreasDroneLocation.serviceActivator'
2026-04-02 10:41:35.697  INFO 73780 --- [SpringApplicationShutdownHook] o.s.i.endpoint.EventDrivenConsumer       : Removing {service-activator:SDKFlightAreaService.flightAreasGet.serviceActivator} as a subscriber to the 'inboundRequestsFlightAreasGet' channel
2026-04-02 10:41:35.697  INFO 73780 --- [SpringApplicationShutdownHook] o.s.integration.channel.DirectChannel    : Channel 'cloud-api-sample.inboundRequestsFlightAreasGet' has 1 subscriber(s).
2026-04-02 10:41:35.697  INFO 73780 --- [SpringApplicationShutdownHook] o.s.i.endpoint.EventDrivenConsumer       : stopped bean 'SDKFlightAreaService.flightAreasGet.serviceActivator'
2026-04-02 10:41:35.697  INFO 73780 --- [SpringApplicationShutdownHook] o.s.i.endpoint.EventDrivenConsumer       : Removing {service-activator:flightAreaServiceImpl.flightAreasSyncProgress.serviceActivator} as a subscriber to the 'inboundEventsFlightAreasSyncProgress' channel
2026-04-02 10:41:35.697  INFO 73780 --- [SpringApplicationShutdownHook] o.s.integration.channel.DirectChannel    : Channel 'cloud-api-sample.inboundEventsFlightAreasSyncProgress' has 0 subscriber(s).
2026-04-02 10:41:35.697  INFO 73780 --- [SpringApplicationShutdownHook] o.s.i.endpoint.EventDrivenConsumer       : stopped bean 'flightAreaServiceImpl.flightAreasSyncProgress.serviceActivator'
2026-04-02 10:41:35.697  INFO 73780 --- [SpringApplicationShutdownHook] o.s.i.endpoint.EventDrivenConsumer       : Removing {service-activator:flightAreaServiceImpl.flightAreasDroneLocation.serviceActivator} as a subscriber to the 'inboundEventsFlightAreasDroneLocation' channel
2026-04-02 10:41:35.698  INFO 73780 --- [SpringApplicationShutdownHook] o.s.integration.channel.DirectChannel    : Channel 'cloud-api-sample.inboundEventsFlightAreasDroneLocation' has 0 subscriber(s).
2026-04-02 10:41:35.698  INFO 73780 --- [SpringApplicationShutdownHook] o.s.i.endpoint.EventDrivenConsumer       : stopped bean 'flightAreaServiceImpl.flightAreasDroneLocation.serviceActivator'
2026-04-02 10:41:35.698  INFO 73780 --- [SpringApplicationShutdownHook] o.s.i.endpoint.EventDrivenConsumer       : Removing {service-activator:flightAreaServiceImpl.flightAreasGet.serviceActivator} as a subscriber to the 'inboundRequestsFlightAreasGet' channel
2026-04-02 10:41:35.698  INFO 73780 --- [SpringApplicationShutdownHook] o.s.integration.channel.DirectChannel    : Channel 'cloud-api-sample.inboundRequestsFlightAreasGet' has 0 subscriber(s).
2026-04-02 10:41:35.698  INFO 73780 --- [SpringApplicationShutdownHook] o.s.i.endpoint.EventDrivenConsumer       : stopped bean 'flightAreaServiceImpl.flightAreasGet.serviceActivator'
2026-04-02 10:41:35.698  INFO 73780 --- [SpringApplicationShutdownHook] o.s.i.endpoint.EventDrivenConsumer       : Removing {service-activator:SDKOfflineMapService.dockDroneOfflineMapEnable.serviceActivator} as a subscriber to the 'inboundStateDockDroneOfflineMapEnable' channel
2026-04-02 10:41:35.698  INFO 73780 --- [SpringApplicationShutdownHook] o.s.integration.channel.DirectChannel    : Channel 'cloud-api-sample.inboundStateDockDroneOfflineMapEnable' has 0 subscriber(s).
2026-04-02 10:41:35.698  INFO 73780 --- [SpringApplicationShutdownHook] o.s.i.endpoint.EventDrivenConsumer       : stopped bean 'SDKOfflineMapService.dockDroneOfflineMapEnable.serviceActivator'
2026-04-02 10:41:35.698  INFO 73780 --- [SpringApplicationShutdownHook] o.s.i.endpoint.EventDrivenConsumer       : Removing {service-activator:SDKOfflineMapService.offlineMapSyncProgress.serviceActivator} as a subscriber to the 'inboundEventsOfflineMapSyncProgress' channel
2026-04-02 10:41:35.698  INFO 73780 --- [SpringApplicationShutdownHook] o.s.integration.channel.DirectChannel    : Channel 'cloud-api-sample.inboundEventsOfflineMapSyncProgress' has 0 subscriber(s).
2026-04-02 10:41:35.698  INFO 73780 --- [SpringApplicationShutdownHook] o.s.i.endpoint.EventDrivenConsumer       : stopped bean 'SDKOfflineMapService.offlineMapSyncProgress.serviceActivator'
2026-04-02 10:41:35.698  INFO 73780 --- [SpringApplicationShutdownHook] o.s.i.endpoint.EventDrivenConsumer       : Removing {service-activator:SDKOfflineMapService.offlineMapGet.serviceActivator} as a subscriber to the 'inboundRequestsOfflineMapGet' channel
2026-04-02 10:41:35.698  INFO 73780 --- [SpringApplicationShutdownHook] o.s.integration.channel.DirectChannel    : Channel 'cloud-api-sample.inboundRequestsOfflineMapGet' has 0 subscriber(s).
2026-04-02 10:41:35.698  INFO 73780 --- [SpringApplicationShutdownHook] o.s.i.endpoint.EventDrivenConsumer       : stopped bean 'SDKOfflineMapService.offlineMapGet.serviceActivator'
2026-04-02 10:41:35.698  INFO 73780 --- [SpringApplicationShutdownHook] o.s.i.endpoint.EventDrivenConsumer       : Removing {router:inboundMessageRouter.determineTargetChannels.router} as a subscriber to the 'inbound' channel
2026-04-02 10:41:35.698  INFO 73780 --- [SpringApplicationShutdownHook] o.s.integration.channel.ExecutorChannel  : Channel 'cloud-api-sample.inbound' has 0 subscriber(s).
2026-04-02 10:41:35.698  INFO 73780 --- [SpringApplicationShutdownHook] o.s.i.endpoint.EventDrivenConsumer       : stopped bean 'inboundMessageRouter.determineTargetChannels.router'
2026-04-02 10:41:35.698  INFO 73780 --- [SpringApplicationShutdownHook] o.s.i.endpoint.EventDrivenConsumer       : Removing {service-activator:propertySetReplyHandler.propertySetReply.serviceActivator} as a subscriber to the 'inboundPropertySetReply' channel
2026-04-02 10:41:35.698  INFO 73780 --- [SpringApplicationShutdownHook] o.s.integration.channel.DirectChannel    : Channel 'cloud-api-sample.inboundPropertySetReply' has 0 subscriber(s).
2026-04-02 10:41:35.698  INFO 73780 --- [SpringApplicationShutdownHook] o.s.i.endpoint.EventDrivenConsumer       : stopped bean 'propertySetReplyHandler.propertySetReply.serviceActivator'
2026-04-02 10:41:35.698  INFO 73780 --- [SpringApplicationShutdownHook] o.s.i.endpoint.EventDrivenConsumer       : Removing {service-activator:servicesReplyHandler.servicesReply.serviceActivator} as a subscriber to the 'inboundServicesReply' channel
2026-04-02 10:41:35.698  INFO 73780 --- [SpringApplicationShutdownHook] o.s.integration.channel.DirectChannel    : Channel 'cloud-api-sample.inboundServicesReply' has 0 subscriber(s).
2026-04-02 10:41:35.698  INFO 73780 --- [SpringApplicationShutdownHook] o.s.i.endpoint.EventDrivenConsumer       : stopped bean 'servicesReplyHandler.servicesReply.serviceActivator'
2026-04-02 10:41:35.803 DEBUG 73780 --- [scheduling-1] c.d.s.w.api.WebSocketMessageSend         : send topic: thing/product/8UUXN3U00A046E/services, payload: TopicServicesRequest{method='live_start_push', tid='9ee303f9-2f2e-4994-9be9-6c99db94aa14', bid='e73df033-7a50-4b33-bef3-b5e8f730b6e3', timestamp=1775097687711, data=LiveStartPushRequest{urlType=WHIP, url=http://172.20.63.157:8080/index/api/v1/whip?app=live&stream=8UUXN3U00A046E-165-0-7, videoId=8UUXN3U00A046E/165-0-7/normal-0, videoQuality=STANDARD_DEFINITION}}
2026-04-02 10:41:35.843 ERROR 73780 --- [scheduling-1] c.d.s.manage.timer.DeviceLiveStartTimer  : 定时任务执行异常

org.springframework.messaging.MessageDeliveryException: Dispatcher has no subscribers for channel 'cloud-api-sample.outbound'.; nested exception is org.springframework.integration.MessageDispatchingException: Dispatcher has no subscribers, failedMessage=GenericMessage [payload=byte[320], headers={replyChannel=nullChannel, mqtt_qos=0, id=9ae04e78-6441-86b1-0a62-722935bfdebb, mqtt_topic=thing/product/8UUXN3U00A046E/services, timestamp=1775097695804}]
	at org.springframework.integration.channel.AbstractSubscribableChannel.doSend(AbstractSubscribableChannel.java:76) ~[spring-integration-core-5.5.18.jar:5.5.18]
	at org.springframework.integration.channel.AbstractMessageChannel.send(AbstractMessageChannel.java:317) ~[spring-integration-core-5.5.18.jar:5.5.18]
	at org.springframework.integration.channel.AbstractMessageChannel.send(AbstractMessageChannel.java:272) ~[spring-integration-core-5.5.18.jar:5.5.18]
	at org.springframework.messaging.core.GenericMessagingTemplate.doSend(GenericMessagingTemplate.java:187) ~[spring-messaging-5.3.27.jar:5.3.27]
	at org.springframework.messaging.core.GenericMessagingTemplate.doSend(GenericMessagingTemplate.java:166) ~[spring-messaging-5.3.27.jar:5.3.27]
	at org.springframework.messaging.core.GenericMessagingTemplate.doSend(GenericMessagingTemplate.java:47) ~[spring-messaging-5.3.27.jar:5.3.27]
	at org.springframework.messaging.core.AbstractMessageSendingTemplate.send(AbstractMessageSendingTemplate.java:109) ~[spring-messaging-5.3.27.jar:5.3.27]
	at org.springframework.messaging.core.AbstractMessageSendingTemplate.convertAndSend(AbstractMessageSendingTemplate.java:151) ~[spring-messaging-5.3.27.jar:5.3.27]
	at org.springframework.messaging.core.AbstractMessageSendingTemplate.convertAndSend(AbstractMessageSendingTemplate.java:143) ~[spring-messaging-5.3.27.jar:5.3.27]
	at org.springframework.integration.gateway.MessagingGatewaySupport.send(MessagingGatewaySupport.java:428) ~[spring-integration-core-5.5.18.jar:5.5.18]
	at org.springframework.integration.gateway.GatewayProxyFactoryBean.sendOrSendAndReceive(GatewayProxyFactoryBean.java:657) ~[spring-integration-core-5.5.18.jar:5.5.18]
	at org.springframework.integration.gateway.GatewayProxyFactoryBean.invokeGatewayMethod(GatewayProxyFactoryBean.java:589) ~[spring-integration-core-5.5.18.jar:5.5.18]
	at org.springframework.integration.gateway.GatewayProxyFactoryBean.doInvoke(GatewayProxyFactoryBean.java:556) ~[spring-integration-core-5.5.18.jar:5.5.18]
	at org.springframework.integration.gateway.GatewayProxyFactoryBean.invoke(GatewayProxyFactoryBean.java:545) ~[spring-integration-core-5.5.18.jar:5.5.18]
	at org.springframework.aop.framework.ReflectiveMethodInvocation.proceed(ReflectiveMethodInvocation.java:186) ~[spring-aop-5.3.27.jar:5.3.27]
	at org.springframework.aop.framework.JdkDynamicAopProxy.invoke(JdkDynamicAopProxy.java:220) ~[spring-aop-5.3.27.jar:5.3.27]
	at jdk.proxy2/jdk.proxy2.$Proxy190.publish(Unknown Source) ~[na:na]
	at com.dji.sdk.mqtt.MqttGatewayPublish.publish(MqttGatewayPublish.java:42) ~[classes/:na]
	at com.dji.sdk.mqtt.MqttGatewayPublish.publish(MqttGatewayPublish.java:68) ~[classes/:na]
	at com.dji.sdk.mqtt.MqttGatewayPublish.publishWithReply(MqttGatewayPublish.java:81) ~[classes/:na]
	at com.dji.sdk.mqtt.services.ServicesPublish.publish(ServicesPublish.java:84) ~[classes/:na]
	at com.dji.sdk.mqtt.services.ServicesPublish.publish(ServicesPublish.java:42) ~[classes/:na]
	at com.dji.sdk.mqtt.services.ServicesPublish.publish(ServicesPublish.java:38) ~[classes/:na]
	at com.dji.sdk.cloudapi.livestream.api.AbstractLivestreamService.liveStartPush(AbstractLivestreamService.java:56) ~[classes/:na]
	at com.dji.sdk.cloudapi.livestream.api.AbstractLivestreamService$$FastClassBySpringCGLIB$$985b51ce.invoke(<generated>) ~[classes/:na]
	at org.springframework.cglib.proxy.MethodProxy.invoke(MethodProxy.java:218) ~[spring-core-5.3.27.jar:5.3.27]
	at org.springframework.aop.framework.CglibAopProxy$CglibMethodInvocation.invokeJoinpoint(CglibAopProxy.java:793) ~[spring-aop-5.3.27.jar:5.3.27]
	at org.springframework.aop.framework.ReflectiveMethodInvocation.proceed(ReflectiveMethodInvocation.java:163) ~[spring-aop-5.3.27.jar:5.3.27]
	at org.springframework.aop.framework.CglibAopProxy$CglibMethodInvocation.proceed(CglibAopProxy.java:763) ~[spring-aop-5.3.27.jar:5.3.27]
	at org.springframework.aop.framework.adapter.MethodBeforeAdviceInterceptor.invoke(MethodBeforeAdviceInterceptor.java:58) ~[spring-aop-5.3.27.jar:5.3.27]
	at org.springframework.aop.framework.ReflectiveMethodInvocation.proceed(ReflectiveMethodInvocation.java:186) ~[spring-aop-5.3.27.jar:5.3.27]
	at org.springframework.aop.framework.CglibAopProxy$CglibMethodInvocation.proceed(CglibAopProxy.java:763) ~[spring-aop-5.3.27.jar:5.3.27]
	at org.springframework.aop.framework.adapter.MethodBeforeAdviceInterceptor.invoke(MethodBeforeAdviceInterceptor.java:58) ~[spring-aop-5.3.27.jar:5.3.27]
	at org.springframework.aop.framework.ReflectiveMethodInvocation.proceed(ReflectiveMethodInvocation.java:186) ~[spring-aop-5.3.27.jar:5.3.27]
	at org.springframework.aop.framework.CglibAopProxy$CglibMethodInvocation.proceed(CglibAopProxy.java:763) ~[spring-aop-5.3.27.jar:5.3.27]
	at org.springframework.aop.interceptor.ExposeInvocationInterceptor.invoke(ExposeInvocationInterceptor.java:97) ~[spring-aop-5.3.27.jar:5.3.27]
	at org.springframework.aop.framework.ReflectiveMethodInvocation.proceed(ReflectiveMethodInvocation.java:186) ~[spring-aop-5.3.27.jar:5.3.27]
	at org.springframework.aop.framework.CglibAopProxy$CglibMethodInvocation.proceed(CglibAopProxy.java:763) ~[spring-aop-5.3.27.jar:5.3.27]
	at org.springframework.aop.framework.CglibAopProxy$DynamicAdvisedInterceptor.intercept(CglibAopProxy.java:708) ~[spring-aop-5.3.27.jar:5.3.27]
	at com.dji.sample.manage.service.impl.SDKLivestreamService$$EnhancerBySpringCGLIB$$a37e50d5.liveStartPush(<generated>) ~[classes/:na]
	at com.dji.sample.manage.service.impl.LiveStreamServiceImpl.liveStart(LiveStreamServiceImpl.java:79) ~[classes/:na]
	at com.dji.sample.manage.service.impl.LiveStreamServiceImpl$$FastClassBySpringCGLIB$$2c8efed1.invoke(<generated>) ~[classes/:na]
	at org.springframework.cglib.proxy.MethodProxy.invoke(MethodProxy.java:218) ~[spring-core-5.3.27.jar:5.3.27]
	at org.springframework.aop.framework.CglibAopProxy$CglibMethodInvocation.invokeJoinpoint(CglibAopProxy.java:793) ~[spring-aop-5.3.27.jar:5.3.27]
	at org.springframework.aop.framework.ReflectiveMethodInvocation.proceed(ReflectiveMethodInvocation.java:163) ~[spring-aop-5.3.27.jar:5.3.27]
	at org.springframework.aop.framework.CglibAopProxy$CglibMethodInvocation.proceed(CglibAopProxy.java:763) ~[spring-aop-5.3.27.jar:5.3.27]
	at org.springframework.transaction.interceptor.TransactionInterceptor$1.proceedWithInvocation(TransactionInterceptor.java:123) ~[spring-tx-5.3.27.jar:5.3.27]
	at org.springframework.transaction.interceptor.TransactionAspectSupport.invokeWithinTransaction(TransactionAspectSupport.java:388) ~[spring-tx-5.3.27.jar:5.3.27]
	at org.springframework.transaction.interceptor.TransactionInterceptor.invoke(TransactionInterceptor.java:119) ~[spring-tx-5.3.27.jar:5.3.27]
	at org.springframework.aop.framework.ReflectiveMethodInvocation.proceed(ReflectiveMethodInvocation.java:186) ~[spring-aop-5.3.27.jar:5.3.27]
	at org.springframework.aop.framework.CglibAopProxy$CglibMethodInvocation.proceed(CglibAopProxy.java:763) ~[spring-aop-5.3.27.jar:5.3.27]
	at org.springframework.aop.framework.CglibAopProxy$DynamicAdvisedInterceptor.intercept(CglibAopProxy.java:708) ~[spring-aop-5.3.27.jar:5.3.27]
	at com.dji.sample.manage.service.impl.LiveStreamServiceImpl$$EnhancerBySpringCGLIB$$946e7afe.liveStart(<generated>) ~[classes/:na]
	at com.dji.sample.manage.timer.DeviceLiveStartTimer.checkAndStartLive(DeviceLiveStartTimer.java:61) ~[classes/:na]
	at java.base/jdk.internal.reflect.NativeMethodAccessorImpl.invoke0(Native Method) ~[na:na]
	at java.base/jdk.internal.reflect.NativeMethodAccessorImpl.invoke(NativeMethodAccessorImpl.java:77) ~[na:na]
	at java.base/jdk.internal.reflect.DelegatingMethodAccessorImpl.invoke(DelegatingMethodAccessorImpl.java:43) ~[na:na]
	at java.base/java.lang.reflect.Method.invoke(Method.java:568) ~[na:na]
	at org.springframework.scheduling.support.ScheduledMethodRunnable.run(ScheduledMethodRunnable.java:84) ~[spring-context-5.3.27.jar:5.3.27]
	at org.springframework.scheduling.support.DelegatingErrorHandlingRunnable.run(DelegatingErrorHandlingRunnable.java:54) ~[spring-context-5.3.27.jar:5.3.27]
	at java.base/java.util.concurrent.Executors$RunnableAdapter.call(Executors.java:539) ~[na:na]
	at java.base/java.util.concurrent.FutureTask.runAndReset$$$capture(FutureTask.java:305) ~[na:na]
	at java.base/java.util.concurrent.FutureTask.runAndReset(FutureTask.java) ~[na:na]
	at java.base/java.util.concurrent.ScheduledThreadPoolExecutor$ScheduledFutureTask.run(ScheduledThreadPoolExecutor.java:305) ~[na:na]
	at java.base/java.util.concurrent.ThreadPoolExecutor.runWorker(ThreadPoolExecutor.java:1136) ~[na:na]
	at java.base/java.util.concurrent.ThreadPoolExecutor$Worker.run(ThreadPoolExecutor.java:635) ~[na:na]
	at java.base/java.lang.Thread.run(Thread.java:842) ~[na:na]
Caused by: org.springframework.integration.MessageDispatchingException: Dispatcher has no subscribers
	at org.springframework.integration.dispatcher.UnicastingDispatcher.doDispatch(UnicastingDispatcher.java:139) ~[spring-integration-core-5.5.18.jar:5.5.18]
	at org.springframework.integration.dispatcher.UnicastingDispatcher.dispatch(UnicastingDispatcher.java:106) ~[spring-integration-core-5.5.18.jar:5.5.18]
	at org.springframework.integration.channel.AbstractSubscribableChannel.doSend(AbstractSubscribableChannel.java:72) ~[spring-integration-core-5.5.18.jar:5.5.18]
	... 66 common frames omitted

2026-04-02 10:41:35.988  INFO 73780 --- [SpringApplicationShutdownHook] j.LocalContainerEntityManagerFactoryBean : Closing JPA EntityManagerFactory for persistence unit 'default'
2026-04-02 10:41:35.995  INFO 73780 --- [SpringApplicationShutdownHook] com.alibaba.druid.pool.DruidDataSource   : {dataSource-1} closing ...
2026-04-02 10:41:36.013  INFO 73780 --- [SpringApplicationShutdownHook] com.alibaba.druid.pool.DruidDataSource   : {dataSource-1} closed
